{"AdjustVariables":["vm.swappiness <= 10 (echo 10 > /proc/sys/vm/swappiness)","fs.aio-max-nr > 1M (echo 1048576 > /proc/sys/fs/aio-max-nr)","skip-name-resolve=1","performance_schema=ON","innodb_log_file_size should be (=32M) if possible, so InnoDB total log file size equals 25% of buffer pool size."],"Performance_schema":{"memory":0,"pretty_memory":"0B"},"Engine":{"CSV":{"Enabled":"YES"},"MyISAM":{"Enabled":"YES"},"SEQUENCE":{"Enabled":"YES"},"Aria":{"Total Size":"32768","Index Size":"16384","Data Size":"16384","Table Number":"1","Enabled":"YES"},"PERFORMANCE_SCHEMA":{"Enabled":"YES"},"InnoDB":{"Index Size":"5816320","Data Size":"32653312","Enabled":"DEFAULT","Table Number":"6","Total Size":"38469632"},"MEMORY":{"Enabled":"YES"},"MRG_MyISAM":{"Enabled":"YES"}},"CVE":{"nb":0},"Recommendations":["setup swappiness lower or equals to 10","setup Max running number events greater than 1M","Remove Anonymous User accounts - there are 2 anonymous accounts.","Set up a Secure Password for 'root'@'localhost' user: SET PASSWORD FOR 'root'@'localhost' = PASSWORD('secure_password');","Set up a Secure Password for root@localhost user: SET PASSWORD FOR 'root'@'localhost' = PASSWORD('secure_password');","1 user(s) used basic or weak password from basic dictionary.","MySQL was started within the last 24 hours: recommendations may be inaccurate","Configure your accounts with ip or subnets only, then update your configuration with skip-name-resolve=1","Performance schema should be activated for better diagnostics","Before changing innodb_log_file_size and/or innodb_log_files_in_group read this: https://bit.ly/2TcGgtU"],"MySQLTuner":{"options":{"debug":0,"template":"0","maxportallowed":0,"nodbstat":0,"port":3306,"user":"root","updateversion":0,"bannedports":"","verbose":1,"nocolor":1,"dbstat":1,"host":"127.0.0.1","ssl-ca":"0","color":0,"nosysstat":0,"colstat":0,"noask":0,"noidxstat":0,"prettyjson":0,"nobad":0,"pfstat":1,"reportfile":"0","checkversion":"1","noinfo":0,"forceswap":0,"cvefile":"./vulnerabilities.csv","noprocess":0,"pass":"root","nogood":0,"defaults-file":"","json":"1","silent":0,"dumpdir":"/home/runner/work/MySQLTuner-perl/MySQLTuner-perl/examples/github/result/mariadb/10.9","skipsize":"0","idxstat":1,"password":0,"sysstat":1,"defaults-extra-file":"","tbstat":1,"buffers":"1","socket":"0","notbstat":0,"forcemem":0,"nopfstat":0,"outputfile":"0","server-log":"","protocol":"tcp","nocolstat":0,"skippassword":"0","passwordfile":"0"},"version":"2.1.1","datetime":"23-03-2023 16:38:43\n"},"PctAutoIncrement":{"mysql.time_zone":"0.00"},"Filesystem":{"Inode Pct":{"/mnt":"1","/":"10"},"Space Pct":{"/mnt":"31","/boot/efi":"6"},"Used Space":{"/mnt":"4194336","/boot/efi":"6182"},"Free Space":{"/boot/efi":"100677","/mnt":"9396508"},"Total Space":{"/mnt":"14341128","/boot/efi":"106858"}},"Storage Engines":{"performance_schema":"YES","aria":"YES","mrg_myisam":"YES","memory":"YES","myisam":"YES","sequence":"YES","csv":"YES","innodb":"DEFAULT"},"Replication":{"Status":{}},"OS":{"Virtual Machine":"YES","Architecture":"64 bits","Kernel":"5.15.0-1034-azure\n","Type":"GNU/Linux\n","Hostname":"fv-az409-967\n","Other Processes":{"bytes":130916352,"pretty":"124.9M"},"Uptime":" 16:38:54 up 2 min,  0 users,  load average: 1.22, 0.56, 0.21\n","Physical Memory":{"pretty":"6.8G","bytes":"7281278976"},"Logged users":"","NbCore":"2","OS Type":"Linux","Free Memory RAM":"               total        used        free      shared  buff/cache   available\nMem:            6943         897        1883           7        4163        5733\nSwap:           4095           0        4095\n","Release":"Ubuntu 22.04.2 LTS","Load Average":"top - 16:38:54 up 2 min,  0 users,  load average: 1.22, 0.56, 0.21\n","Config":{"sunrpc.tcp_fin_timeout":"","sunrpc.tcp_slot_table_entries":"","sunrpc.tcp_max_slot_table_entries":"","fs.file-max":"9223372036854775807\n","fs.aio-max-nr":"65536\n","vm.swappiness":"60\n","fs.aio-nr":"0\n"},"Swap Memory":{"bytes":"4294963200","pretty":"4.0G"}},"Calculations":{"joins_without_indexes_per_day":0,"pct_wkeys_from_mem":0,"pct_slow_queries":"0","pct_reads":"9","total_sorts":0,"max_tmp_table_size":"16777216","pct_max_used_memory":"6.28","max_used_memory":457084928,"pct_connections_aborted":"0.00","pct_keys_from_mem":0,"total_aria_indexes":"360448","query_cache_prunes_per_day":0,"pct_files_open":"0","pct_aria_keys_from_mem":"17.6","pct_innodb_buffer_used":"100.00","total_reads":"17","pct_key_buffer_used":"18.2","pct_write_efficiency":"100.00","max_total_per_thread_buffers":19828736,"max_peak_memory":3431395328,"pct_writes":"91","pct_connections_used":"0","pct_aborted_connections":0,"table_cache_hit_rate":"87","total_writes":168,"per_thread_buffers":19828736,"joins_without_indexes":0,"total_tables":"300","pct_table_locks_immediate":"100","server_buffers":437256192,"pct_query_cache_used":"1.7","thread_cache_hit_rate":"91","query_cache_efficiency":"0.0","pct_temp_disk":"0","pct_max_physical_memory":"47.13","total_myisam_indexes":"0","innodb_log_size_pct":"75","total_per_thread_buffers":2994139136,"pct_read_efficiency":"100.00"},"Indexes":{"PRIMARY(from_date)":{"Number of column":"3","Index Type":"BTREE","Row number":"442129","Column":"employees.titles","Sequence number":"3","Selectivity":"100.00","Cardinality":"442129"},"PRIMARY(dept_no)":{"Column":"employees.dept_emp","Index Type":"BTREE","Row number":"331570","Number of column":"2","Cardinality":"331570","Selectivity":"100.00","Sequence number":"2"},"PRIMARY(emp_no)":{"Number of column":"3","Index Type":"BTREE","Row number":"442129","Column":"employees.titles","Sequence number":"1","Cardinality":"442129","Selectivity":"100.00"},"PRIMARY(title)":{"Number of column":"3","Index Type":"BTREE","Row number":"442129","Column":"employees.titles","Sequence number":"2","Selectivity":"100.00","Cardinality":"442129"},"dept_no(dept_no)":{"Sequence number":"1","Selectivity":"100.00","Cardinality":"24","Number of column":"1","Index Type":"BTREE","Row number":"24","Column":"employees.dept_manager"}},"Network":{"Internal Ip":"docker0: flags=4099<UP,BROADCAST,MULTICAST>  mtu 1500\n        inet 172.17.0.1  netmask 255.255.0.0  broadcast 172.17.255.255\n--\neth0: flags=4163<UP,BROADCAST,RUNNING,MULTICAST>  mtu 1500\n        inet 10.1.0.203  netmask 255.255.0.0  broadcast 10.1.255.255\n--\nlo: flags=73<UP,LOOPBACK,RUNNING>  mtu 65536\n        inet 127.0.0.1  netmask 255.0.0.0\n","External Ip":"  % Total    % Received % Xferd  Average Speed   Time    Time     Time  Current,                                  Dload  Upload   Total   Spent    Left  Speed, \r  0     0    0     0    0     0      0      0 --:--:-- --:--:-- --:--:--     0\r100    13  100    13    0     0    136      0 --:--:-- --:--:-- --:--:--   136, 52.185.204.67","Connected":"YES"},"MaxInt":"18446744073709551615","Variables":{"sql_warnings":"OFF","delay_key_write":"ON","character_set_filesystem":"binary","have_memory":"YES","lower_case_file_system":"OFF","wsrep_osu_method":"TOI","auto_increment_offset":"1","rpl_semi_sync_master_enabled":"OFF","replicate_annotate_row_events":"ON","report_password":"","innodb_max_undo_log_size":"10485760","innodb_buffer_pool_dump_now":"OFF","rpl_semi_sync_slave_trace_level":"32","version_compile_machine":"x86_64","wsrep_ignore_apply_errors":"7","innodb_io_capacity":"200","large_page_size":"0","pseudo_thread_id":"9","thread_pool_dedicated_listener":"OFF","log_slow_verbosity":"","wsrep_status_file":"","performance_schema_max_metadata_locks":"-1","table_definition_cache":"400","slave_net_timeout":"60","innodb_buffer_pool_chunk_size":"2097152","column_compression_zlib_wrap":"OFF","tmp_memory_table_size":"16777216","max_session_mem_used":"9223372036854775807","delayed_queue_size":"1000","performance_schema_digests_size":"-1","max_sort_length":"1024","profiling_history_size":"15","innodb_encrypt_log":"OFF","innodb_defragment_fill_factor":"0.900000","sync_frm":"ON","tx_isolation":"REPEATABLE-READ","innodb_buffer_pool_dump_at_shutdown":"ON","aria_max_sort_file_size":"9223372036853727232","secure_file_priv":"","gtid_current_pos":"","query_cache_type":"OFF","wsrep_max_ws_rows":"0","character_set_results":"latin1","aria_sort_buffer_size":"268434432","sql_log_off":"OFF","ft_max_word_len":"84","basedir":"/opt/hostedtoolcache/mariadb/10.9.5/x64/","thread_handling":"one-thread-per-connection","session_track_state_change":"OFF","performance_schema_max_rwlock_instances":"-1","max_join_size":"18446744073709551615","binlog_annotate_row_events":"ON","innodb_defragment":"OFF","myisam_recover_options":"BACKUP,QUICK","max_length_for_sort_data":"1024","version":"10.9.5-MariaDB","wsrep_provider_options":"","aria_pagecache_age_threshold":"300","rpl_semi_sync_master_wait_point":"AFTER_COMMIT","session_track_transaction_info":"OFF","relay_log_recovery":"OFF","warning_count":"0","ignore_db_dirs":"","ssl_cert":"/tmp/actions-setup-mysql-OvLLfC/var/server-cert.pem","optimizer_trace":"enabled=off","column_compression_zlib_strategy":"DEFAULT_STRATEGY","ssl_crlpath":"","optimizer_switch":"index_merge=on,index_merge_union=on,index_merge_sort_union=on,index_merge_intersection=on,index_merge_sort_intersection=off,engine_condition_pushdown=off,index_condition_pushdown=on,derived_merge=on,derived_with_keys=on,firstmatch=on,loosescan=on,materialization=on,in_to_exists=on,semijoin=on,partial_match_rowid_merge=on,partial_match_table_scan=on,subquery_cache=on,mrr=off,mrr_cost_based=off,mrr_sort_keys=off,outer_join_with_cache=on,semijoin_with_cache=on,join_cache_incremental=on,join_cache_hashed=on,join_cache_bka=on,optimize_join_buffer_size=on,table_elimination=on,extended_keys=on,exists_to_in=on,orderby_uses_equalities=on,condition_pushdown_for_derived=on,split_materialized=on,condition_pushdown_for_subquery=on,rowid_filter=on,condition_pushdown_from_having=on,not_null_range_scan=off","metadata_locks_cache_size":"1024","master_verify_checksum":"OFF","innodb_flush_neighbors":"1","wsrep_debug":"NONE","innodb_write_io_threads":"4","sort_buffer_size":"2097152","general_log":"OFF","sql_notes":"ON","unique_checks":"ON","log_bin_compress":"OFF","sql_slave_skip_counter":"0","log_output":"FILE","performance_schema_events_stages_history_long_size":"-1","performance_schema_max_table_handles":"-1","log_bin_index":"","log_slave_updates":"OFF","pid_file":"/tmp/actions-setup-mysql-OvLLfC/tmp/mysqld.pid","slave_sql_verify_checksum":"ON","log_slow_filter":"admin,filesort,filesort_on_disk,filesort_priority_queue,full_join,full_scan,query_cache,query_cache_miss,tmp_table,tmp_table_on_disk","innodb_defragment_n_pages":"7","encrypt_tmp_disk_tables":"OFF","aria_recover_options":"BACKUP,QUICK","wsrep_gtid_mode":"OFF","wsrep_sst_donor":"","big_tables":"OFF","innodb_status_output":"OFF","have_crypt":"YES","autocommit":"ON","innodb_compression_default":"OFF","max_password_errors":"4294967295","last_gtid":"","innodb_old_blocks_pct":"37","encrypt_binlog":"OFF","open_files_limit":"32184","skip_networking":"OFF","lc_messages":"en_US","binlog_stmt_cache_size":"32768","max_connect_errors":"100","innodb_flush_log_at_trx_commit":"1","have_csv":"YES","lower_case_table_names":"0","identity":"0","auto_increment_increment":"1","aria_log_purge_type":"immediate","innodb_compression_pad_pct_max":"50","tcp_keepalive_time":"0","binlog_checksum":"CRC32","have_rtree_keys":"YES","myisam_sort_buffer_size":"134216704","ssl_key":"/tmp/actions-setup-mysql-OvLLfC/var/server-key.pem","error_count":"0","time_zone":"SYSTEM","innodb_optimize_fulltext_only":"OFF","innodb_lru_scan_depth":"1536","preload_buffer_size":"32768","collation_server":"latin1_swedish_ci","_temporal_format":"ON","have_compress":"YES","have_geometry":"YES","performance_schema_events_waits_history_size":"-1","aria_encrypt_tables":"OFF","performance_schema_max_mutex_instances":"-1","secure_timestamp":"NO","innodb_table_locks":"ON","have_threadpool":"NO","gtid_cleanup_batch_size":"64","gtid_strict_mode":"OFF","wsrep_data_home_dir":"/tmp/actions-setup-mysql-OvLLfC/var/","timestamp":"1679589523.404714","innodb_encrypt_tables":"OFF","slave_compressed_protocol":"OFF","thread_pool_oversubscribe":"3","slow_query_log":"OFF","column_compression_zlib_level":"6","keep_files_on_create":"OFF","max_error_count":"64","gtid_binlog_pos":"","optimizer_prune_level":"1","wsrep_sst_method":"rsync","performance_schema_events_waits_history_long_size":"-1","innodb_defragment_stats_accuracy":"0","max_sp_recursion_depth":"0","ssl_ca":"/tmp/actions-setup-mysql-OvLLfC/var/ca.pem","performance_schema_max_file_handles":"32768","innodb_log_group_home_dir":"./","version_compile_os":"Linux","key_cache_division_limit":"100","host_cache_size":"279","analyze_sample_percentage":"100.000000","rpl_semi_sync_master_wait_no_slave":"ON","key_cache_block_size":"1024","system_versioning_asof":"DEFAULT","max_binlog_size":"1073741824","tmp_table_size":"16777216","wsrep_reject_queries":"NONE","debug_no_thread_alarm":"OFF","column_compression_threshold":"100","innodb_log_buffer_size":"16777216","innodb_adaptive_hash_index":"OFF","innodb_encryption_rotate_key_age":"1","event_scheduler":"OFF","innodb_read_ahead_threshold":"56","performance_schema_events_transactions_history_long_size":"-1","innodb_change_buffer_max_size":"25","myisam_max_sort_file_size":"9223372036853727232","default_master_connection":"","transaction_alloc_block_size":"8192","slave_max_allowed_packet":"1073741824","thread_pool_stall_limit":"500","deadlock_search_depth_short":"4","have_openssl":"YES","character_set_server":"latin1","innodb_stats_include_delete_marked":"OFF","aria_block_size":"8192","thread_pool_idle_timeout":"60","key_cache_file_hash_size":"512","net_buffer_length":"16384","log_queries_not_using_indexes":"OFF","sql_mode":"STRICT_TRANS_TABLES,ERROR_FOR_DIVISION_BY_ZERO,NO_AUTO_CREATE_USER,NO_ENGINE_SUBSTITUTION","innodb_tmpdir":"","performance_schema_events_transactions_history_size":"-1","wsrep_log_conflicts":"OFF","tmp_disk_table_size":"18446744073709551615","completion_type":"NO_CHAIN","innodb_flushing_avg_loops":"30","thread_cache_size":"151","performance_schema_max_prepared_statements_instances":"-1","slave_load_tmpdir":"/tmp/actions-setup-mysql-OvLLfC/tmp","performance_schema_max_statement_stack":"10","innodb_immediate_scrub_data_uncompressed":"OFF","innodb_max_purge_lag_delay":"0","version_comment":"shogo82148/actions-setup-mysql@v1.15.0","innodb_monitor_disable":"","slave_ddl_exec_mode":"IDEMPOTENT","idle_write_transaction_timeout":"0","innodb_ft_cache_size":"8000000","rpl_semi_sync_master_timeout":"10000","performance_schema_max_statement_classes":"222","wsrep_slave_uk_checks":"OFF","deadlock_timeout_long":"50000000","read_only":"OFF","delayed_insert_timeout":"300","innodb_stats_persistent":"ON","gtid_pos_auto_engines":"","innodb_autoinc_lock_mode":"1","innodb_max_purge_lag":"0","innodb_use_atomic_writes":"ON","innodb_autoextend_increment":"64","lc_messages_dir":"/opt/hostedtoolcache/mariadb/10.9.5/x64/share","ssl_crl":"","wsrep_gtid_domain_id":"0","performance_schema":"OFF","delayed_insert_limit":"100","expensive_subquery_limit":"100","log_slow_rate_limit":"1","local_infile":"ON","innodb_cmp_per_index_enabled":"OFF","old_mode":"UTF8_IS_UTF8MB3","flush_time":"0","slave_exec_mode":"STRICT","key_cache_age_threshold":"300","performance_schema_max_file_instances":"-1","socket":"/tmp/actions-setup-mysql-OvLLfC/tmp/mysql.sock","slave_transaction_retry_errors":"1158,1159,1160,1161,1205,1213,1429,2013,12701","innodb_sort_buffer_size":"1048576","userstat":"OFF","ft_min_word_len":"4","max_relay_log_size":"1073741824","version_ssl_library":"OpenSSL 1.1.1t  7 Feb 2023","key_cache_segments":"0","explicit_defaults_for_timestamp":"OFF","skip_parallel_replication":"OFF","aria_pagecache_division_limit":"100","innodb_read_io_threads":"4","innodb_buffer_pool_size":"134217728","sql_if_exists":"OFF","performance_schema_max_socket_instances":"-1","innodb_spin_wait_delay":"4","sql_log_bin":"ON","max_allowed_packet":"16777216","default_storage_engine":"InnoDB","innodb_buffer_pool_load_now":"OFF","innodb_ft_aux_table":"","tcp_keepalive_interval":"0","net_write_timeout":"60","skip_show_database":"OFF","rpl_semi_sync_slave_delay_master":"OFF","log_bin_trust_function_creators":"OFF","wsrep_mysql_replication_bundle":"0","extra_max_connections":"1","query_alloc_block_size":"16384","binlog_cache_size":"32768","innodb_ft_sort_pll_degree":"2","have_innodb":"YES","wsrep_slave_threads":"1","innodb_file_per_table":"ON","wsrep_provider":"none","max_delayed_threads":"20","innodb_purge_rseg_truncate_frequency":"128","aria_used_for_temp_tables":"ON","ft_boolean_syntax":"+ -><()~*:\"\"&|","binlog_commit_wait_usec":"100000","low_priority_updates":"OFF","locked_in_memory":"OFF","in_transaction":"0","max_recursive_iterations":"1000","aria_page_checksum":"ON","innodb_ft_min_token_size":"3","innodb_support_xa":"ON","disconnect_on_expired_password":"OFF","myisam_mmap_size":"18446744073709551615","standard_compliant_cte":"ON","slave_run_triggers_for_rbr":"NO","thread_pool_max_threads":"65536","innodb_encrypt_temporary_tables":"OFF","init_connect":"","old":"OFF","have_mrg_myisam":"YES","last_insert_id":"0","innodb_default_encryption_key_id":"1","slave_skip_errors":"OFF","innodb_temp_data_file_path":"ibtmp1:12M:autoextend","proxy_user":"","wsrep_slave_fk_checks":"ON","innodb_change_buffering":"none","innodb_stats_transient_sample_pages":"8","relay_log_purge":"ON","query_cache_strip_comments":"OFF","innodb_adaptive_hash_index_parts":"8","optimizer_trace_max_mem_size":"1048576","innodb_buffer_pool_dump_pct":"25","innodb_version":"10.9.5","binlog_expire_logs_seconds":"0","aria_stats_method":"nulls_unequal","performance_schema_events_statements_history_size":"-1","slave_parallel_max_queued":"131072","old_alter_table":"DEFAULT","wsrep_on":"OFF","read_binlog_speed_limit":"0","wsrep_sr_store":"table","wsrep_forced_binlog_format":"NONE","rpl_semi_sync_slave_enabled":"OFF","innodb_page_size":"16384","gtid_ignore_duplicates":"OFF","wsrep_sst_auth":"","innodb_purge_batch_size":"300","max_connections":"151","default_week_format":"0","innodb_buffer_pool_load_at_startup":"ON","server_id":"1","histogram_size":"254","character_set_connection":"latin1","ignore_builtin_innodb":"OFF","slow_query_log_file":"fv-az409-967-slow.log","default_password_lifetime":"0","performance_schema_users_size":"-1","performance_schema_max_index_stat":"-1","innodb_compression_failure_threshold_pct":"5","lock_wait_timeout":"86400","port":"3306","flush":"OFF","innodb_stats_traditional":"ON","wsrep_sync_wait":"0","aria_pagecache_file_hash_size":"512","tmpdir":"/tmp/actions-setup-mysql-OvLLfC/tmp","slave_transaction_retry_interval":"0","proxy_protocol_networks":"","innodb_log_files_in_group":"1","default_tmp_storage_engine":"","log_slow_slave_statements":"ON","innodb_buffer_pool_load_abort":"OFF","wsrep_dbug_option":"","myisam_data_pointer_size":"6","session_track_schema":"ON","character_sets_dir":"/opt/hostedtoolcache/mariadb/10.9.5/x64/share/charsets/","wsrep_retry_autocommit":"1","innodb_monitor_reset_all":"","performance_schema_events_stages_history_size":"-1","bind_address":"*","innodb_instant_alter_column_allowed":"add_drop_reorder","large_files_support":"ON","wsrep_recover":"OFF","max_user_connections":"0","binlog_file_cache_size":"16384","replicate_events_marked_for_skip":"REPLICATE","innodb_default_row_format":"dynamic","strict_password_validation":"ON","innodb_defragment_frequency":"40","sql_auto_is_null":"OFF","max_binlog_stmt_cache_size":"18446744073709547520","character_set_system":"utf8mb3","innodb_flush_sync":"ON","aria_checkpoint_log_activity":"1048576","wsrep_sst_receive_address":"AUTO","version_malloc_library":"system","long_query_time":"10.000000","report_port":"3306","myisam_use_mmap":"OFF","sql_safe_updates":"OFF","version_source_revision":"260f1fe7c394118cf034f1a48001e1aa06816b69","read_buffer_size":"131072","aria_force_start_after_recovery_failures":"0","innodb_purge_threads":"4","general_log_file":"fv-az409-967.log","performance_schema_max_thread_instances":"-1","binlog_format":"MIXED","character_set_database":"latin1","sync_binlog":"0","expire_logs_days":"0.000000","max_rowid_filter_size":"131072","performance_schema_accounts_size":"-1","aria_group_commit_interval":"0","thread_pool_size":"2","innodb_flush_log_at_timeout":"1","rpl_semi_sync_master_trace_level":"32","wsrep_trx_fragment_size":"0","innodb_open_files":"2000","thread_pool_priority":"auto","insert_id":"0","innodb_stats_modified_counter":"0","log_error":"","innodb_print_all_deadlocks":"OFF","innodb_stats_method":"nulls_equal","max_digest_length":"1024","sync_relay_log":"10000","gtid_domain_id":"0","innodb_fatal_semaphore_wait_threshold":"600","innodb_log_file_buffering":"OFF","wsrep_restart_slave":"OFF","thread_pool_prio_kickup_timer":"1000","replicate_do_db":"","idle_transaction_timeout":"0","table_open_cache":"2000","in_predicate_conversion_threshold":"1000","eq_range_index_dive_limit":"200","performance_schema_max_stage_classes":"160","log_tc_size":"24576","innodb_read_only":"OFF","innodb_data_home_dir":"","metadata_locks_hash_instances":"8","aria_log_file_size":"1073741824","innodb_doublewrite":"ON","optimizer_selectivity_sampling_limit":"100","innodb_strict_mode":"ON","pseudo_slave_mode":"OFF","external_user":"","innodb_disable_sort_file_cache":"OFF","join_cache_level":"2","tls_version":"TLSv1.1,TLSv1.2,TLSv1.3","wsrep_node_incoming_address":"AUTO","binlog_optimize_thread_scheduling":"ON","innodb_ft_result_cache_limit":"2000000000","join_buffer_space_limit":"2097152","relay_log_basename":"","have_performance_schema":"YES","transaction_prealloc_size":"4096","have_galera":"NO","wsrep_cluster_address":"","mrr_buffer_size":"262144","innodb_buffer_pool_instances":"1","plugin_maturity":"gamma","max_insert_delayed_threads":"20","performance_schema_max_rwlock_classes":"50","max_statement_time":"0.000000","init_file":"","have_symlink":"YES","max_write_lock_count":"4294967295","secure_auth":"ON","innodb_defragment_fill_factor_n_recs":"20","performance_schema_max_memory_classes":"320","wsrep_cluster_name":"my_wsrep_cluster","innodb_stats_on_metadata":"OFF","innodb_compression_level":"6","profiling":"OFF","binlog_row_image":"FULL","ssl_capath":"","automatic_sp_privileges":"ON","innodb_monitor_enable":"","deadlock_search_depth_long":"15","have_profiling":"YES","require_secure_transport":"OFF","innodb_flush_method":"O_DIRECT","wsrep_certify_nonpk":"ON","wsrep_max_ws_size":"2147483647","innodb_ft_enable_diag_print":"OFF","slave_transaction_retries":"10","skip_external_locking":"ON","wsrep_desync":"OFF","date_format":"%Y-%m-%d","wsrep_causal_reads":"OFF","":"1006915461","innodb_encryption_threads":"0","net_retry_count":"10","replicate_ignore_db":"","sql_buffer_result":"OFF","innodb_buffer_pool_filename":"ib_buffer_pool","innodb_read_only_compressed":"OFF","max_seeks_for_key":"4294967295","thread_pool_exact_stats":"OFF","thread_stack":"299008","sql_big_selects":"ON","performance_schema_max_table_lock_stat":"-1","binlog_row_metadata":"NO_LOG","innodb_prefix_index_cluster_optimization":"OFF","alter_algorithm":"DEFAULT","innodb_online_alter_log_max_size":"134217728","wsrep_load_data_splitting":"OFF","optimizer_use_condition_selectivity":"4","innodb_use_native_aio":"OFF","max_binlog_cache_size":"18446744073709547520","performance_schema_max_socket_classes":"10","innodb_monitor_reset":"","innodb_undo_tablespaces":"0","protocol_version":"10","wsrep_certification_rules":"strict","have_sequence":"YES","wsrep_start_position":"00000000-0000-0000-0000-000000000000:-1","binlog_commit_wait_count":"0","wsrep_dirty_reads":"OFF","slave_parallel_threads":"0","innodb_log_file_size":"100663296","optimizer_search_depth":"62","performance_schema_max_file_classes":"80","bulk_insert_buffer_size":"8388608","innodb_force_recovery":"0","myisam_repair_threads":"1","optimizer_max_sel_arg_weight":"32000","innodb_ft_num_word_optimize":"2000","log_slow_admin_statements":"ON","query_cache_limit":"1048576","slave_parallel_workers":"0","core_file":"OFF","max_prepared_stmt_count":"16382","stored_program_cache":"256","div_precision_increment":"4","innodb_stats_persistent_sample_pages":"20","performance_schema_max_cond_classes":"90","concurrent_insert":"AUTO","updatable_views_with_limit":"YES","wsrep_trx_fragment_unit":"bytes","back_log":"80","sync_relay_log_info":"10000","tx_read_only":"OFF","aria_sync_log_dir":"NEWFILE","innodb_random_read_ahead":"OFF","license":"GPL","innodb_fast_shutdown":"1","wsrep_node_name":"fv-az409-967","table_open_cache_instances":"8","performance_schema_session_connect_attrs_size":"-1","performance_schema_max_cond_instances":"-1","hostname":"fv-az409-967","check_constraint_checks":"ON","innodb_max_dirty_pages_pct":"90.000000","innodb_encryption_rotation_iops":"100","connect_timeout":"10","session_track_system_variables":"autocommit,character_set_client,character_set_connection,character_set_results,time_zone","binlog_alter_two_phase":"OFF","collation_connection":"latin1_swedish_ci","performance_schema_max_table_instances":"-1","report_host":"","large_pages":"OFF","replicate_ignore_table":"","innodb_lru_flush_size":"32","init_slave":"","net_read_timeout":"30","wsrep_gtid_seq_no":"0","query_cache_wlock_invalidate":"OFF","min_examined_row_limit":"0","innodb_io_capacity_max":"2000","group_concat_max_len":"1048576","replicate_wild_do_table":"","max_heap_table_size":"16777216","_workaround":"OFF","wsrep_convert_lock_to_trx":"OFF","innodb_stats_auto_recalc":"ON","sync_master_info":"10000","read_rnd_buffer_size":"262144","rowid_merge_buff_size":"8388608","performance_schema_max_thread_classes":"50","progress_report_time":"5","relay_log_space_limit":"0","encrypt_tmp_files":"OFF","innodb_data_file_path":"ibdata1:12M:autoextend","gtid_slave_pos":"","sql_select_limit":"18446744073709551615","innodb_force_primary_key":"OFF","performance_schema_max_sql_text_length":"1024","interactive_timeout":"28800","slow_launch_time":"2","innodb_lock_wait_timeout":"50","old_passwords":"OFF","performance_schema_max_digest_length":"1024","key_buffer_size":"134217728","ssl_cipher":"","aria_pagecache_buffer_size":"134217728","report_user":"","log_warnings":"2","innodb_max_dirty_pages_pct_lwm":"0.000000","character_set_client":"latin1","innodb_status_output_locks":"OFF","wsrep_auto_increment_control":"ON","aria_repair_threads":"1","replicate_wild_ignore_table":"","performance_schema_setup_objects_size":"-1","innodb_adaptive_flushing_lwm":"10.000000","enforce_storage_engine":"","performance_schema_events_statements_history_long_size":"-1","innodb_ft_user_stopword_table":"","tcp_nodelay":"ON","wsrep_sst_donor_rejects_queries":"OFF","have_myisam":"YES","lc_time_names":"en_US","innodb_checksum_algorithm":"full_crc32","innodb_rollback_on_timeout":"OFF","gtid_binlog_state":"","range_alloc_block_size":"4096","wsrep_notify_cmd":"","sql_quote_show_create":"ON","slave_parallel_mode":"optimistic","innodb_ft_max_token_size":"84","innodb_undo_directory":"./","aria_checkpoint_interval":"30","wsrep_patch_version":"wsrep_26.22","idle_readonly_transaction_timeout":"0","relay_log_index":"","performance_schema_setup_actors_size":"-1","innodb_old_blocks_time":"1000","histogram_type":"DOUBLE_PREC_HB","use_stat_tables":"PREFERABLY_FOR_QUERIES","foreign_key_checks":"ON","innodb_sync_spin_loops":"30","relay_log_info_file":"relay-log.info","innodb_undo_log_truncate":"OFF","max_tmp_tables":"32","have_dynamic_loading":"YES","datetime_format":"%Y-%m-%d %H:%i:%s","have_query_cache":"YES","replicate_do_table":"","slave_type_conversions":"","aria_group_commit":"none","skip_name_resolve":"OFF","log_bin_compress_min_len":"256","tcp_keepalive_probes":"0","skip_replication":"OFF","log_bin":"OFF","innodb_deadlock_report":"full","performance_schema_max_mutex_classes":"210","log_disabled_statements":"sp","myisam_stats_method":"NULLS_UNEQUAL","binlog_direct_non_transactional_updates":"OFF","wsrep_mode":"","have_aria":"YES","query_cache_min_res_unit":"4096","innodb_max_purge_lag_wait":"4294967295","relay_log":"","wsrep_node_address":"","plugin_dir":"/opt/hostedtoolcache/mariadb/10.9.5/x64/lib/plugin/","query_cache_size":"1048576","myisam_block_size":"1024","innodb_deadlock_detect":"ON","performance_schema_max_program_instances":"-1","ft_query_expansion_limit":"20","innodb_compression_algorithm":"zlib","innodb_ft_total_cache_size":"640000000","innodb_ft_server_stopword_table":"","default_regex_flags":"","wait_timeout":"28800","time_format":"%H:%i:%s","innodb_ft_enable_stopword":"ON","deadlock_timeout_short":"10000","storage_engine":"InnoDB","datadir":"/tmp/actions-setup-mysql-OvLLfC/var/","query_prealloc_size":"24576","join_buffer_size":"262144","innodb_fill_factor":"100","system_versioning_alter_history":"ERROR","performance_schema_hosts_size":"-1","ft_stopword_file":"(built-in)","slave_domain_parallel_threads":"0","collation_database":"latin1_swedish_ci","log_slow_disabled_statements":"sp","extra_port":"0","system_time_zone":"UTC","gtid_seq_no":"0","log_bin_basename":"","innodb_adaptive_flushing":"ON","rpl_semi_sync_slave_kill_conn_timeout":"5","innodb_buf_dump_status_frequency":"0","have_ssl":"YES"},"Status":{"Com_show_create_event":"0","Handler_write":"3919015","Innodb_lsn_flushed":"340166949","Com_backup_lock":"0","Com_stmt_fetch":"0","Table_open_cache_overflows":"0","Innodb_encryption_rotation_pages_read_from_disk":"0","Binlog_bytes_written":"0","Com_change_master":"0","Com_stmt_close":"0","Select_range":"0","Qcache_lowmem_prunes":"0","Qcache_free_memory":"1031272","Handler_delete":"0","Innodb_buffer_pool_read_requests":"37365926","wsrep_cluster_capabilities":"","Com_replace":"0","Threads_created":"1","Handler_read_rnd":"0","Innodb_available_undo_logs":"128","Aria_pagecache_reads":"14","Handler_read_key":"65","Feature_system_versioning":"0","Performance_schema_metadata_lock_lost":"0","Performance_schema_rwlock_classes_lost":"0","Ssl_verify_depth":"18446744073709551615","Com_shutdown":"0","Ssl_session_cache_mode":"SERVER","Rpl_semi_sync_master_request_ack":"0","Com_show_status":"2","Com_backup":"0","wsrep_rollbacker_thread_count":"0","Innodb_checkpoint_age":"47037965","Innodb_num_pages_page_compression_error":"0","Rpl_semi_sync_master_net_avg_wait_time":"0","Qcache_queries_in_cache":"0","Ssl_session_cache_size":"128","Com_show_contributors":"0","wsrep_provider_capabilities":"","Com_show_slave_hosts":"0","Com_create_udf":"0","Com_revoke_all":"0","Com_show_grants":"0","Com_rename_table":"0","Com_do":"0","Innodb_encryption_rotation_estimated_iops":"0","Memory_used_initial":"35231680","Rpl_semi_sync_master_tx_avg_wait_time":"0","Com_unlock_tables":"0","Com_binlog":"0","Column_decompressions":"0","Questions":"216","Com_drop_sequence":"0","Com_install_plugin":"0","Com_release_savepoint":"0","Com_drop_index":"0","Cpu_time":"0.000000","Com_signal":"0","wsrep_ready":"OFF","Innodb_buffer_pool_load_status":"Buffer pool(s) load completed at 230323 16:38:02","Com_show_create_proc":"0","Ssl_client_connects":"0","Com_alter_user":"0","Acl_column_grants":"0","Com_show_create_trigger":"0","Handler_read_prev":"0","Ssl_ctx_verify_mode":"5","Compression":"OFF","Handler_savepoint":"0","Com_alter_db_upgrade":"0","Last_query_cost":"0.000000","Com_show_table_status":"0","Com_truncate":"0","Bytes_sent":"74432","Performance_schema_session_connect_attrs_lost":"0","Innodb_num_pages_decrypted":"0","Feature_insert_returning":"0","Innodb_row_lock_time_max":"0","Performance_schema_file_instances_lost":"0","Slave_heartbeat_period":"0.000","Innodb_encryption_n_rowlog_blocks_encrypted":"0","Rpl_semi_sync_master_wait_pos_backtraverse":"0","Key_writes":"0","Com_show_create_package_body":"0","Feature_locale":"0","Qcache_hits":"0","Acl_table_grants":"1","Com_create_package":"0","Slaves_connected":"0","Ssl_server_not_before":"Mar 23 16:38:02 2023 GMT","Com_show_keys":"0","Innodb_rows_deleted":"0","wsrep_applier_thread_count":"0","Empty_queries":"0","Innodb_defragment_count":"0","Com_drop_user":"0","Rpl_semi_sync_master_get_ack":"0","Innodb_data_pending_fsyncs":"0","Innodb_log_write_requests":"12094698","Innodb_page_compression_saved":"0","Ssl_default_timeout":"7200","wsrep_provider_vendor":"","Com_show_create_func":"0","Innodb_log_writes":"244","Table_open_cache_active_instances":"1","Innodb_row_lock_waits":"0","Ssl_finished_accepts":"6","Innodb_lsn_current":"341815549","Handler_icp_attempts":"0","Com_show_databases":"0","Com_uninstall_plugin":"0","Performance_schema_thread_instances_lost":"0","Com_begin":"0","Transactions_multi_engine":"0","Performance_schema_locker_lost":"0","Table_locks_waited":"0","Delayed_writes":"0","Handler_mrr_key_refills":"0","Handler_read_rnd_deleted":"0","Aria_pagecache_blocks_used":"12","Connection_errors_max_connections":"0","Com_reset":"0","Opened_views":"1","Performance_schema_nested_statement_lost":"0","Innodb_deadlocks":"0","Innodb_buffer_pool_read_ahead":"0","Handler_tmp_delete":"0","Master_gtid_wait_time":"0","Com_drop_package":"0","Innodb_secondary_index_triggered_cluster_reads":"0","Com_stmt_reprepare":"0","Aborted_connects":"0","Rpl_semi_sync_master_status":"OFF","Ssl_connect_renegotiates":"0","Connection_errors_peer_address":"0","Com_get_diagnostics":"0","Innodb_num_pages_encrypted":"0","Com_show_package_body_status":"0","Com_show_create_table":"0","Handler_rollback":"0","Innodb_buffer_pool_pages_free":"0","Com_create_table":"6","Delayed_errors":"0","Binlog_stmt_cache_disk_use":"0","Binlog_group_commit_trigger_count":"0","Com_ha_read":"0","Feature_invisible_columns":"0","Open_streams":"4","Innodb_adaptive_hash_non_hash_searches":"0","Innodb_buffer_pool_load_incomplete":"OFF","Innodb_ibuf_merged_delete_marks":"0","Com_create_view":"2","Performance_schema_index_stat_lost":"0","Qcache_free_blocks":"1","Qcache_total_blocks":"1","Sort_rows":"0","Com_optimize":"0","Com_show_engine_mutex":"0","Select_full_range_join":"0","Aria_pagecache_blocks_not_flushed":"1","Rows_tmp_read":"1842","Feature_timezone":"0","Handler_prepare":"0","Queries":"216","Com_alter_function":"0","Ssl_used_session_cache_entries":"0","Innodb_row_lock_current_waits":"0","Performance_schema_accounts_lost":"0","Com_show_binlog_status":"0","Com_show_authors":"0","Resultset_metadata_skipped":"0","Innodb_data_pending_writes":"0","Com_stmt_reset":"0","Performance_schema_cond_classes_lost":"0","Acl_procedure_grants":"0","Com_commit":"0","wsrep_provider_version":"","Performance_schema_socket_classes_lost":"0","Handler_read_retry":"0","Connections":"12","Ssl_accepts":"6","Performance_schema_stage_classes_lost":"0","Rpl_semi_sync_master_net_waits":"0","Column_compressions":"0","Com_stmt_execute":"0","Com_set_option":"3","Created_tmp_files":"4","Syncs":"82","Com_update":"0","Handler_mrr_init":"0","Com_show_engine_logs":"0","Acl_package_spec_grants":"0","Com_create_procedure":"0","Uptime":"41","Com_show_procedure_status":"0","Rpl_status":"AUTH_MASTER","Sort_merge_passes":"0","Com_stop_all_slaves":"0","Com_update_multi":"0","Com_resignal":"0","Ssl_sessions_reused":"0","Master_gtid_wait_count":"0","Subquery_cache_miss":"0","Com_show_explain":"0","Ssl_verify_mode":"5","Com_start_all_slaves":"0","Performance_schema_prepared_statements_lost":"0","Com_xa_rollback":"0","Com_drop_db":"1","Com_checksum":"0","wsrep_cluster_status":"Disconnected","Sort_priority_queue_sorts":"0","Innodb_background_log_sync":"41","Slave_skipped_errors":"0","Com_show_create_package":"0","Innodb_ibuf_discarded_inserts":"0","Performance_schema_table_lock_stat_lost":"0","wsrep_local_bf_aborts":"0","Com_show_relaylog_events":"0","Feature_xml":"0","Com_call_procedure":"0","Innodb_data_pending_reads":"0","Connection_errors_accept":"0","Sort_range":"0","Com_show_privileges":"0","Innodb_buffer_pool_dump_status":"","Com_create_event":"0","Sort_scan":"0","Innodb_rows_updated":"0","Com_show_variables":"3","Com_show_fields":"0","Rpl_semi_sync_master_tx_waits":"0","Feature_custom_aggregate_functions":"0","Performance_schema_table_instances_lost":"0","Handler_icp_match":"0","Tc_log_page_size":"0","Innodb_checkpoint_max_age":"80819529","Com_insert":"168","Binlog_stmt_cache_use":"0","Key_reads":"0","Performance_schema_mutex_instances_lost":"0","Innodb_buffer_pool_pages_data":"8064","Rows_read":"13","Prepared_stmt_count":"0","Opened_tables":"27","Rpl_semi_sync_master_wait_sessions":"0","Innodb_num_open_files":"12","Opened_plugin_libraries":"0","Performance_schema_cond_instances_lost":"0","Com_show_profiles":"0","Rpl_semi_sync_master_timefunc_failures":"0","Innodb_onlineddl_rowlog_rows":"0","Innodb_num_pages_page_compressed":"0","Com_create_temporary_table":"0","Innodb_adaptive_hash_hash_searches":"0","Performance_schema_file_handles_lost":"0","Com_insert_select":"0","Feature_application_time_periods":"0","Com_stmt_send_long_data":"0","Com_kill":"0","Key_blocks_used":"0","Innodb_log_waits_computed":0,"Innodb_mem_adaptive_hash":"0","Innodb_data_reads":"833","Handler_tmp_update":"0","Table_open_cache_misses":"28","Handler_discover":"0","Slave_running":"OFF","Threadpool_threads":"0","Performance_schema_users_lost":"0","Binlog_group_commit_trigger_timeout":"0","Innodb_os_log_written":"341770081","Innodb_system_rows_read":"0","Ssl_callback_cache_hits":"0","Com_create_server":"0","Com_show_collations":"0","Not_flushed_delayed_rows":"0","Com_create_db":"2","Ssl_server_not_after":"Mar 20 16:38:02 2033 GMT","Com_show_binlog_events":"0","Slave_connections":"0","Innodb_onlineddl_pct_progress":"0","":"OFF","Com_grant":"0","Com_show_function_status":"0","Table_open_cache_hits":"201","Innodb_system_rows_updated":"0","Com_show_create_user":"0","Com_drop_trigger":"0","Binlog_group_commit_trigger_lock_wait":"0","Com_create_user":"0","Busy_time":"0.000000","Innodb_buffer_pool_resize_status":"","Handler_read_last":"0","Innodb_master_thread_active_loops":"0","Rpl_semi_sync_master_net_wait_time":"0","Innodb_system_rows_inserted":"0","Performance_schema_hosts_lost":"0","Ssl_cipher":"TLS_AES_256_GCM_SHA384","Rpl_semi_sync_slave_send_ack":"0","Innodb_buffer_pool_pages_made_not_young":"1652580","Com_xa_prepare":"0","Slaves_running":"0","Feature_subquery":"2","Key_blocks_unused":"107163","Created_tmp_tables":"7","Acl_users":"7","Innodb_pages_written":"12960","Select_full_join":"0","Rpl_semi_sync_master_tx_wait_time":"0","Aria_pagecache_writes":"0","Innodb_mem_dictionary":"869160","Open_table_definitions":"27","Ssl_session_cache_timeouts":"0","Com_alter_db":"0","Innodb_buffer_pool_pages_lru_flushed":"96","Aborted_connects_preauth":"0","Connection_errors_internal":"0","Com_show_storage_engines":"0","Com_drop_server":"0","Innodb_num_pages_page_decompressed":"0","Com_create_sequence":"0","Master_gtid_wait_timeouts":"0","Innodb_buffer_pool_pages_old":"2957","Handler_external_lock":"0","Com_check":"0","Binlog_cache_disk_use":"0","Tc_log_page_waits":"0","Delayed_insert_threads":"0","Memory_used":"35871736","Delete_scan":"0","Innodb_buffer_pool_pages_made_young":"74","Select_range_check":"0","Com_xa_commit":"0","Innodb_encryption_n_merge_blocks_decrypted":"0","Feature_check_constraint":"1","Select_scan":"7","Com_create_package_body":"0","Innodb_pages_created":"13829","Innodb_buffer_pool_pages_lru_freed":"0","Com_rollback":"0","Innodb_data_read":"13418496","Innodb_buffer_pool_pages_flushed":"12960","Com_show_plugins":"0","Innodb_defragment_compression_failures":"0","Com_alter_table":"0","Com_grant_role":"0","Feature_gis":"0","Innodb_row_lock_time_avg":"0","Binlog_snapshot_position":"0","Ssl_finished_connects":"0","Opened_files":"101","Com_revoke_role":"0","Com_alter_sequence":"0","Innodb_master_thread_idle_loops":"41","Feature_window_functions":"0","wsrep_thread_count":"0","Update_scan":"0","Com_xa_recover":"0","Access_denied_errors":"0","Com_create_trigger":"0","Handler_read_rnd_next":"1868","Aria_pagecache_read_requests":"17","Com_show_profile":"0","Innodb_ibuf_merges":"0","Com_dealloc_sql":"0","Innodb_instant_alter_column":"0","Com_create_role":"0","Slave_retried_transactions":"0","Performance_schema_file_classes_lost":"0","Aria_pagecache_blocks_unused":"15635","Com_show_engine_status":"0","Com_drop_view":"0","wsrep_local_index":"18446744073709551615","Acl_database_grants":"2","Innodb_buffer_pool_write_requests":"12143463","Innodb_ibuf_merged_inserts":"0","Com_create_function":"0","Com_start_slave":"0","Com_admin_commands":"1","Innodb_truncated_status_writes":"0","Feature_delay_key_write":"0","Slow_queries":"0","Table_locks_immediate":"54","Com_xa_start":"0","Created_tmp_disk_tables":"0","wsrep_cluster_conf_id":"18446744073709551615","Executed_triggers":"0","Com_ha_close":"0","Com_show_create_db":"0","Key_blocks_warm":"0","Com_lock_tables":"0","Innodb_data_fsyncs":"916","Innodb_ibuf_segment_size":"2","Aborted_clients":"0","Com_show_generic":"0","Com_alter_procedure":"0","Feature_trigger":"0","Aria_transaction_log_syncs":"1","Com_show_triggers":"0","Binlog_snapshot_file":"","Innodb_ibuf_free_list":"0","Innodb_data_written":"212337149","Com_drop_procedure":"0","Performance_schema_statement_classes_lost":"0","Com_load":"0","Slow_launch_threads":"0","Ssl_cipher_list":"TLS_AES_256_GCM_SHA384:TLS_CHACHA20_POLY1305_SHA256:TLS_AES_128_GCM_SHA256:ECDHE-ECDSA-AES256-GCM-SHA384:ECDHE-RSA-AES256-GCM-SHA384:DHE-RSA-AES256-GCM-SHA384:ECDHE-ECDSA-CHACHA20-POLY1305:ECDHE-RSA-CHACHA20-POLY1305:DHE-RSA-CHACHA20-POLY1305:ECDHE-ECDSA-AES128-GCM-SHA256:ECDHE-RSA-AES128-GCM-SHA256:DHE-RSA-AES128-GCM-SHA256:ECDHE-ECDSA-AES256-SHA384:ECDHE-RSA-AES256-SHA384:DHE-RSA-AES256-SHA256:ECDHE-ECDSA-AES128-SHA256:ECDHE-RSA-AES128-SHA256:DHE-RSA-AES128-SHA256:ECDHE-ECDSA-AES256-SHA:ECDHE-RSA-AES256-SHA:DHE-RSA-AES256-SHA:ECDHE-ECDSA-AES128-SHA:ECDHE-RSA-AES128-SHA:DHE-RSA-AES128-SHA:RSA-PSK-AES256-GCM-SHA384:DHE-PSK-AES256-GCM-SHA384:RSA-PSK-CHACHA20-POLY1305:DHE-PSK-CHACHA20-POLY1305:ECDHE-PSK-CHACHA20-POLY1305:AES256-GCM-SHA384:PSK-AES256-GCM-SHA384:PSK-CHACHA20-POLY1305:RSA-PSK-AES128-GCM-SHA256:DHE-PSK-AES128-GCM-SHA256:AES128-GCM-SHA256:PSK-AES128-GCM-SHA256:AES256-SHA256:AES128-SHA256:ECDHE-PSK-AES256-CBC-SHA384:ECDHE-PSK-AES256-CBC-SHA:SRP-RSA-AES-256-CBC-SHA:SRP-AES-256-CBC-SHA:RSA-PSK-AES256-CBC-SHA384:DHE-PSK-AES256-CBC-SHA384:RSA-PSK-AES256-CBC-SHA:DHE-PSK-AES256-CBC-SHA:AES256-SHA:PSK-AES256-CBC-SHA384:PSK-AES256-CBC-SHA:ECDHE-PSK-AES128-CBC-SHA256:ECDHE-PSK-AES128-CBC-SHA:SRP-RSA-AES-128-CBC-SHA:SRP-AES-128-CBC-SHA:RSA-PSK-AES128-CBC-SHA256:DHE-PSK-AES128-CBC-SHA256:RSA-PSK-AES128-CBC-SHA:DHE-PSK-AES128-CBC-SHA:AES128-SHA:PSK-AES128-CBC-SHA256:PSK-AES128-CBC-SHA","Innodb_ibuf_size":"1","Com_alter_server":"0","Innodb_buffer_pool_bytes_dirty":"30015488","Com_drop_function":"0","Innodb_have_punch_hole":"ON","Com_flush":"1","Feature_fulltext":"0","Innodb_undo_truncations":"0","Com_rollback_to_savepoint":"0","Com_create_index":"0","Innodb_rows_inserted":"3919015","Com_help":"0","Innodb_buffer_pool_bytes_data":"132120576","Uptime_since_flush_status":"41","Ssl_session_cache_misses":"0","Innodb_onlineddl_rowlog_pct_used":"0","Innodb_have_lzma":"OFF","Com_delete":"0","Innodb_buffer_pool_read_ahead_evicted":"33","Binlog_commits":"0","Innodb_ibuf_discarded_delete_marks":"0","Handler_savepoint_rollback":"0","Com_delete_multi":"0","Innodb_buffer_pool_pages_misc":"0","Innodb_encryption_num_key_requests":"0","Handler_mrr_rowid_refills":"0","Com_savepoint":"0","Com_drop_temporary_table":"0","Rpl_semi_sync_master_clients":"0","Innodb_system_rows_deleted":"0","Performance_schema_mutex_classes_lost":"0","Innodb_encryption_n_temp_blocks_encrypted":"0","Transactions_gtid_foreign_engine":"0","Innodb_buffer_pool_read_ahead_rnd":"0","Threads_running":"1","Slave_received_heartbeats":"0","Open_tables":"20","Innodb_have_snappy":"OFF","Com_show_open_tables":"0","Innodb_secondary_index_triggered_cluster_reads_avoided":"0","Threads_connected":"1","Ssl_ctx_verify_depth":"18446744073709551615","Com_show_charsets":"0","Handler_tmp_write":"1845","wsrep_cluster_state_uuid":"","Handler_read_next":"1","Innodb_num_page_compressed_trim_op":"0","Innodb_pages_read":"819","Feature_dynamic_columns":"0","Com_show_tables":"0","Innodb_log_waits":"0","Innodb_rows_read":"0","Innodb_buffer_pool_wait_free":"3","Open_files":"29","Performance_schema_memory_classes_lost":"0","Innodb_dblwr_pages_written":"509","Com_show_binlogs":"0","Innodb_buffer_pool_pages_total":"8064","Acl_role_grants":"0","Bytes_received":"172292393","Com_replace_select":"0","Innodb_dblwr_writes":"24","Innodb_buffer_pool_reads":"819","Ssl_session_cache_hits":"0","Performance_schema_socket_instances_lost":"0","Acl_function_grants":"0","Com_purge_before_date":"0","Innodb_encryption_n_merge_blocks_encrypted":"0","Performance_schema_program_lost":"0","Innodb_ibuf_merged_deletes":"0","Innodb_defragment_failures":"0","Com_select":"17","Opened_table_definitions":"32","Qcache_not_cached":"0","Com_drop_table":"1","Com_assign_to_keycache":"0","Threads_cached":"0","Com_compound_sql":"0","Com_purge":"0","Innodb_encryption_n_rowlog_blocks_decrypted":"0","Innodb_page_size":"16384","Com_show_warnings":"0","Com_show_analyze":"0","Performance_schema_rwlock_instances_lost":"0","wsrep":"0","Com_change_db":"1","Innodb_lsn_last_checkpoint":"294777584","Innodb_row_lock_time":"0","Handler_read_first":"3","Com_show_processlist":"0","Rpl_semi_sync_master_no_times":"0","Rows_sent":"1857","Key_read_requests":"0","wsrep_provider_name":"","Acl_package_body_grants":"0","Aria_pagecache_write_requests":"0","Connection_errors_select":"0","Com_execute_immediate":"0","Com_revoke":"0","Acl_roles":"0","Handler_update":"1","Com_rename_user":"0","Innodb_have_lzo":"OFF","Innodb_encryption_n_temp_blocks_decrypted":"0","Innodb_data_writes":"13255","Qcache_inserts":"0","Ssl_session_cache_overflows":"0","Com_xa_end":"0","Com_drop_event":"0","Com_ha_open":"0","Handler_commit":"180","Com_stop_slave":"0","Innodb_max_trx_id":"385","Connection_errors_tcpwrap":"0","Rpl_semi_sync_master_no_tx":"0","wsrep_cluster_size":"0","Com_prepare_sql":"0","Com_stmt_prepare":"0","Com_show_package_status":"0","Key_write_requests":"0","wsrep_connected":"OFF","Performance_schema_digest_lost":"0","Slave_open_temp_tables":"0","Binlog_group_commits":"0","Innodb_history_list_length":"191","Com_empty_query":"0","Innodb_encryption_rotation_pages_read_from_cache":"0","Rpl_semi_sync_master_yes_tx":"0","Performance_schema_thread_classes_lost":"0","Rpl_transactions_multi_engine":"0","Max_used_connections":"1","Com_execute_sql":"0","Innodb_buffer_pool_pages_dirty":"1832","Binlog_cache_use":"0","Performance_schema_table_handles_lost":"0","Com_analyze":"0","Acl_proxy_users":"2","Com_drop_role":"0","Threadpool_idle_threads":"0","Rpl_semi_sync_slave_status":"OFF","Ssl_accept_renegotiates":"0","Subquery_cache_hit":"0","Innodb_encryption_rotation_pages_flushed":"0","Com_show_events":"0","Tc_log_max_pages_used":"0","Max_statement_time_exceeded":"0","Com_drop_package_body":"0","Innodb_ibuf_discarded_deletes":"0","Innodb_encryption_rotation_pages_modified":"0","Executed_events":"0","Com_show_slave_status":"0","Com_show_errors":"0","Feature_json":"1","Com_alter_event":"0","Com_repair":"0","Key_blocks_not_flushed":"0","Ssl_version":"TLSv1.3","Com_preload_keys":"0"},"Galera":{"GCache":{"memory":"0","pretty_memory":"0B"}},"MySQL Client":{"Admin Path":"/usr/bin/mysqladmin","Conn.  characterset":"latin1","Server version":"5.5.5-10.9.5-MariaDB shogo82148/actions-setup-mysql@v1.15.0","Client Path":"/usr/bin/mysql","Current user":"root@localhost","Connection":"localhost via TCP/IP","Version":"10.9.5","Authentication Info":"-u root -p'root'  --protocol=tcp","Current database":"","Protocol version":"10","SSL":"Cipher in use is TLS_AES_256_GCM_SHA384","Uptime":"41 sec","Server characterset":"latin1","Db     characterset":"latin1","TCP port":"3306","Client characterset":"latin1"},"Tables":{"Fragmented tables":[]},"Databases":{"List":["data","employees","information_schema","mysql","performance_schema","sys","test"],"employees":{"Index Size":"5816320","Collations":"1","Index Pct":"15.12%","Data Pct":"84.88%","Total Size":"38469632","Tables":"8","Rows":"3917803","Data Size":"32653312"},"All databases":{"Index Size":"5816320","Total Size":"38469632","Data Pct":"84.88%","Index Pct":"15.12%","Data Size":"32653312","Rows":"3917803"}}}