{"Variables":{"userstat":"OFF","rpl_semi_sync_slave_enabled":"OFF","system_time_zone":"UTC","init_connect":"","wsrep_sr_store":"table","log_slow_rate_limit":"1","plugin_dir":"/opt/hostedtoolcache/mariadb/10.8.7/x64/lib/plugin/","histogram_type":"DOUBLE_PREC_HB","general_log":"OFF","net_write_timeout":"60","performance_schema_max_index_stat":"-1","wsrep_slave_uk_checks":"OFF","sync_relay_log":"10000","wsrep_forced_binlog_format":"NONE","wsrep_mode":"","large_page_size":"0","big_tables":"OFF","":"148724279","sql_safe_updates":"OFF","innodb_ft_cache_size":"8000000","flush_time":"0","session_track_transaction_info":"OFF","master_verify_checksum":"OFF","aria_group_commit":"none","check_constraint_checks":"ON","performance_schema_max_table_lock_stat":"-1","max_write_lock_count":"4294967295","binlog_row_metadata":"NO_LOG","innodb_strict_mode":"ON","innodb_defragment_stats_accuracy":"0","innodb_buffer_pool_filename":"ib_buffer_pool","last_insert_id":"0","relay_log_basename":"","sync_binlog":"0","innodb_ft_sort_pll_degree":"2","innodb_compression_algorithm":"zlib","innodb_purge_rseg_truncate_frequency":"128","wsrep_auto_increment_control":"ON","performance_schema_max_stage_classes":"160","report_host":"","timestamp":"1679589520.613334","innodb_encryption_rotate_key_age":"1","innodb_defragment_fill_factor_n_recs":"20","max_binlog_stmt_cache_size":"18446744073709547520","back_log":"80","log_bin_basename":"","sql_quote_show_create":"ON","binlog_commit_wait_count":"0","myisam_repair_threads":"1","rpl_semi_sync_master_trace_level":"32","innodb_fast_shutdown":"1","innodb_support_xa":"ON","query_cache_type":"OFF","default_master_connection":"","proxy_protocol_networks":"","innodb_default_row_format":"dynamic","log_bin_compress_min_len":"256","column_compression_threshold":"100","innodb_disable_sort_file_cache":"OFF","performance_schema_max_cond_classes":"90","foreign_key_checks":"ON","expire_logs_days":"0.000000","read_only":"OFF","interactive_timeout":"28800","report_user":"","have_sequence":"YES","lc_time_names":"en_US","wsrep_on":"OFF","myisam_use_mmap":"OFF","_temporal_format":"ON","aria_sort_buffer_size":"268434432","rpl_semi_sync_master_timeout":"10000","innodb_max_purge_lag_wait":"4294967295","innodb_stats_persistent_sample_pages":"20","log_warnings":"2","host_cache_size":"279","local_infile":"ON","innodb_version":"10.8.7","lower_case_file_system":"OFF","binlog_optimize_thread_scheduling":"ON","innodb_buffer_pool_dump_at_shutdown":"ON","innodb_compression_default":"OFF","performance_schema_max_statement_stack":"10","disconnect_on_expired_password":"OFF","wsrep_ignore_apply_errors":"7","innodb_read_io_threads":"4","net_read_timeout":"30","ignore_db_dirs":"","innodb_encrypt_log":"OFF","wsrep_sst_auth":"","log_slow_filter":"admin,filesort,filesort_on_disk,filesort_priority_queue,full_join,full_scan,query_cache,query_cache_miss,tmp_table,tmp_table_on_disk","log_queries_not_using_indexes":"OFF","performance_schema_max_socket_instances":"-1","innodb_optimize_fulltext_only":"OFF","datetime_format":"%Y-%m-%d %H:%i:%s","innodb_write_io_threads":"4","ssl_crl":"","read_rnd_buffer_size":"262144","wsrep_provider_options":"","wait_timeout":"28800","skip_name_resolve":"OFF","aria_log_purge_type":"immediate","wsrep_gtid_domain_id":"0","innodb_buffer_pool_size":"134217728","preload_buffer_size":"32768","aria_recover_options":"BACKUP,QUICK","ft_stopword_file":"(built-in)","performance_schema_max_metadata_locks":"-1","metadata_locks_cache_size":"1024","rowid_merge_buff_size":"8388608","innodb_ft_num_word_optimize":"2000","character_set_system":"utf8mb3","concurrent_insert":"AUTO","server_id":"1","aria_stats_method":"nulls_unequal","innodb_default_encryption_key_id":"1","thread_stack":"299008","log_bin_compress":"OFF","innodb_old_blocks_pct":"37","performance_schema_hosts_size":"-1","innodb_force_primary_key":"OFF","key_cache_segments":"0","pid_file":"/tmp/actions-setup-mysql-218TFG/tmp/mysqld.pid","require_secure_transport":"OFF","deadlock_search_depth_long":"15","performance_schema_events_statements_history_size":"-1","sql_mode":"STRICT_TRANS_TABLES,ERROR_FOR_DIVISION_BY_ZERO,NO_AUTO_CREATE_USER,NO_ENGINE_SUBSTITUTION","innodb_doublewrite":"ON","query_cache_strip_comments":"OFF","innodb_encrypt_temporary_tables":"OFF","innodb_file_per_table":"ON","innodb_fatal_semaphore_wait_threshold":"600","thread_cache_size":"151","old":"OFF","min_examined_row_limit":"0","expensive_subquery_limit":"100","innodb_buffer_pool_dump_pct":"25","performance_schema_setup_actors_size":"-1","open_files_limit":"32184","performance_schema_setup_objects_size":"-1","wsrep_debug":"NONE","tcp_keepalive_interval":"0","performance_schema_events_waits_history_size":"-1","thread_pool_prio_kickup_timer":"1000","tmp_disk_table_size":"18446744073709551615","delayed_insert_timeout":"300","replicate_ignore_db":"","slave_parallel_mode":"optimistic","binlog_expire_logs_seconds":"0","innodb_deadlock_report":"full","binlog_checksum":"CRC32","large_pages":"OFF","innodb_buffer_pool_load_now":"OFF","log_slow_disabled_statements":"sp","sql_select_limit":"18446744073709551615","idle_write_transaction_timeout":"0","innodb_temp_data_file_path":"ibtmp1:12M:autoextend","innodb_purge_batch_size":"300","wsrep_log_conflicts":"OFF","innodb_ft_enable_diag_print":"OFF","slow_launch_time":"2","gtid_domain_id":"0","table_definition_cache":"400","version_malloc_library":"system","ssl_cipher":"","performance_schema_max_rwlock_classes":"50","thread_handling":"one-thread-per-connection","wsrep_node_name":"fv-az436-478","optimizer_selectivity_sampling_limit":"100","collation_connection":"latin1_swedish_ci","have_galera":"NO","eq_range_index_dive_limit":"200","system_versioning_asof":"DEFAULT","innodb_open_files":"2000","aria_force_start_after_recovery_failures":"0","warning_count":"0","log_slow_admin_statements":"ON","deadlock_timeout_short":"10000","tcp_keepalive_time":"0","join_buffer_size":"262144","identity":"0","replicate_do_table":"","key_cache_age_threshold":"300","performance_schema_max_thread_instances":"-1","wsrep_reject_queries":"NONE","max_sp_recursion_depth":"0","autocommit":"ON","innodb_adaptive_flushing_lwm":"10.000000","innodb_buf_dump_status_frequency":"0","sql_auto_is_null":"OFF","slave_exec_mode":"STRICT","have_aria":"YES","tmp_memory_table_size":"16777216","sql_warnings":"OFF","max_user_connections":"0","innodb_ft_max_token_size":"84","datadir":"/tmp/actions-setup-mysql-218TFG/var/","optimizer_use_condition_selectivity":"4","innodb_data_file_path":"ibdata1:12M:autoextend","myisam_mmap_size":"18446744073709551615","aria_checkpoint_log_activity":"1048576","long_query_time":"10.000000","auto_increment_offset":"1","histogram_size":"254","innodb_prefix_index_cluster_optimization":"OFF","optimizer_trace":"enabled=off","character_set_results":"latin1","have_openssl":"YES","key_cache_division_limit":"100","max_rowid_filter_size":"131072","innodb_sync_spin_loops":"30","general_log_file":"fv-az436-478.log","slave_net_timeout":"60","log_output":"FILE","wsrep_recover":"OFF","ft_min_word_len":"4","wsrep_slave_fk_checks":"ON","pseudo_thread_id":"9","slave_parallel_max_queued":"131072","gtid_seq_no":"0","wsrep_notify_cmd":"","innodb_table_locks":"ON","max_statement_time":"0.000000","deadlock_search_depth_short":"4","innodb_instant_alter_column_allowed":"add_drop_reorder","relay_log_purge":"ON","performance_schema_max_socket_classes":"10","time_zone":"SYSTEM","skip_replication":"OFF","extra_port":"0","max_recursive_iterations":"1000","max_heap_table_size":"16777216","tls_version":"TLSv1.1,TLSv1.2,TLSv1.3","innodb_log_files_in_group":"1","log_slave_updates":"OFF","version_compile_machine":"x86_64","standard_compliant_cte":"ON","sql_log_bin":"ON","wsrep_retry_autocommit":"1","wsrep_cluster_name":"my_wsrep_cluster","skip_parallel_replication":"OFF","innodb_max_purge_lag_delay":"0","progress_report_time":"5","encrypt_tmp_files":"OFF","version":"10.8.7-MariaDB","innodb_cmp_per_index_enabled":"OFF","innodb_max_purge_lag":"0","innodb_change_buffering":"none","innodb_lru_scan_depth":"1536","optimizer_switch":"index_merge=on,index_merge_union=on,index_merge_sort_union=on,index_merge_intersection=on,index_merge_sort_intersection=off,engine_condition_pushdown=off,index_condition_pushdown=on,derived_merge=on,derived_with_keys=on,firstmatch=on,loosescan=on,materialization=on,in_to_exists=on,semijoin=on,partial_match_rowid_merge=on,partial_match_table_scan=on,subquery_cache=on,mrr=off,mrr_cost_based=off,mrr_sort_keys=off,outer_join_with_cache=on,semijoin_with_cache=on,join_cache_incremental=on,join_cache_hashed=on,join_cache_bka=on,optimize_join_buffer_size=on,table_elimination=on,extended_keys=on,exists_to_in=on,orderby_uses_equalities=on,condition_pushdown_for_derived=on,split_materialized=on,condition_pushdown_for_subquery=on,rowid_filter=on,condition_pushdown_from_having=on,not_null_range_scan=off","innodb_monitor_enable":"","innodb_page_size":"16384","performance_schema_users_size":"-1","performance_schema_max_prepared_statements_instances":"-1","innodb_adaptive_flushing":"ON","sql_notes":"ON","max_relay_log_size":"1073741824","performance_schema_max_table_instances":"-1","binlog_cache_size":"32768","lock_wait_timeout":"86400","slave_domain_parallel_threads":"0","query_alloc_block_size":"16384","performance_schema_max_statement_classes":"221","wsrep_slave_threads":"1","thread_pool_stall_limit":"500","ssl_cert":"/tmp/actions-setup-mysql-218TFG/var/server-cert.pem","sync_frm":"ON","log_slow_verbosity":"","innodb_online_alter_log_max_size":"134217728","innodb_autoextend_increment":"64","metadata_locks_hash_instances":"8","replicate_wild_do_table":"","innodb_ft_min_token_size":"3","column_compression_zlib_level":"6","wsrep_sst_method":"rsync","wsrep_osu_method":"TOI","max_allowed_packet":"16777216","automatic_sp_privileges":"ON","innodb_autoinc_lock_mode":"1","report_port":"3306","wsrep_sst_donor":"","innodb_flush_method":"O_DIRECT","innodb_status_output_locks":"OFF","extra_max_connections":"1","binlog_file_cache_size":"16384","slave_transaction_retry_interval":"0","gtid_slave_pos":"","performance_schema_events_transactions_history_long_size":"-1","wsrep_restart_slave":"OFF","session_track_schema":"ON","innodb_ft_enable_stopword":"ON","rpl_semi_sync_master_wait_no_slave":"ON","basedir":"/opt/hostedtoolcache/mariadb/10.8.7/x64/","_workaround":"OFF","last_gtid":"","sync_master_info":"10000","key_cache_block_size":"1024","max_join_size":"18446744073709551615","version_compile_os":"Linux","slave_transaction_retry_errors":"1158,1159,1160,1161,1205,1213,1429,2013,12701","wsrep_convert_lock_to_trx":"OFF","have_compress":"YES","max_binlog_cache_size":"18446744073709547520","performance_schema_events_stages_history_long_size":"-1","large_files_support":"ON","aria_log_file_size":"1073741824","innodb_stats_auto_recalc":"ON","innodb_rollback_on_timeout":"OFF","innodb_fill_factor":"100","wsrep_gtid_mode":"OFF","innodb_purge_threads":"4","transaction_prealloc_size":"4096","ssl_capath":"","key_buffer_size":"134217728","replicate_do_db":"","performance_schema":"OFF","log_tc_size":"24576","deadlock_timeout_long":"50000000","replicate_ignore_table":"","tx_isolation":"REPEATABLE-READ","tmpdir":"/tmp/actions-setup-mysql-218TFG/tmp","table_open_cache_instances":"8","innodb_stats_on_metadata":"OFF","aria_pagecache_file_hash_size":"512","innodb_use_native_aio":"OFF","mrr_buffer_size":"262144","innodb_stats_persistent":"ON","gtid_pos_auto_engines":"","performance_schema_max_rwlock_instances":"-1","sort_buffer_size":"2097152","innodb_defragment_fill_factor":"0.900000","innodb_old_blocks_time":"1000","column_compression_zlib_strategy":"DEFAULT_STRATEGY","performance_schema_digests_size":"-1","rpl_semi_sync_slave_delay_master":"OFF","wsrep_sync_wait":"0","replicate_wild_ignore_table":"","error_count":"0","secure_timestamp":"NO","max_password_errors":"4294967295","innodb_buffer_pool_load_at_startup":"ON","rpl_semi_sync_slave_kill_conn_timeout":"5","sql_log_off":"OFF","innodb_random_read_ahead":"OFF","wsrep_desync":"OFF","wsrep_mysql_replication_bundle":"0","slave_run_triggers_for_rbr":"NO","innodb_ft_total_cache_size":"640000000","delay_key_write":"ON","innodb_stats_transient_sample_pages":"8","innodb_read_only":"OFF","innodb_compression_level":"6","aria_pagecache_buffer_size":"134217728","aria_used_for_temp_tables":"ON","performance_schema_max_program_instances":"-1","explicit_defaults_for_timestamp":"OFF","thread_pool_oversubscribe":"3","innodb_max_dirty_pages_pct_lwm":"0.000000","slave_skip_errors":"OFF","performance_schema_max_digest_length":"1024","slave_ddl_exec_mode":"IDEMPOTENT","div_precision_increment":"4","hostname":"fv-az436-478","lower_case_table_names":"0","myisam_stats_method":"NULLS_UNEQUAL","slow_query_log":"OFF","thread_pool_idle_timeout":"60","innodb_defragment":"OFF","log_slow_slave_statements":"ON","character_set_filesystem":"binary","rpl_semi_sync_master_enabled":"OFF","sync_relay_log_info":"10000","alter_algorithm":"DEFAULT","rpl_semi_sync_master_wait_point":"AFTER_COMMIT","replicate_events_marked_for_skip":"REPLICATE","have_innodb":"YES","unique_checks":"ON","performance_schema_max_mutex_instances":"-1","performance_schema_max_file_handles":"32768","sql_if_exists":"OFF","innodb_io_capacity_max":"2000","proxy_user":"","max_connections":"151","socket":"/tmp/actions-setup-mysql-218TFG/tmp/mysql.sock","net_buffer_length":"16384","innodb_log_group_home_dir":"./","rpl_semi_sync_slave_trace_level":"32","innodb_buffer_pool_load_abort":"OFF","aria_group_commit_interval":"0","max_error_count":"64","relay_log_recovery":"OFF","myisam_sort_buffer_size":"134216704","skip_external_locking":"ON","performance_schema_max_memory_classes":"320","performance_schema_max_thread_classes":"50","old_alter_table":"DEFAULT","slave_max_allowed_packet":"1073741824","slave_load_tmpdir":"/tmp/actions-setup-mysql-218TFG/tmp","ft_max_word_len":"84","pseudo_slave_mode":"OFF","session_track_state_change":"OFF","ssl_ca":"/tmp/actions-setup-mysql-218TFG/var/ca.pem","innodb_compression_pad_pct_max":"50","date_format":"%Y-%m-%d","transaction_alloc_block_size":"8192","relay_log_space_limit":"0","delayed_insert_limit":"100","join_buffer_space_limit":"2097152","optimizer_search_depth":"62","range_alloc_block_size":"4096","thread_pool_size":"2","aria_pagecache_division_limit":"100","wsrep_start_position":"00000000-0000-0000-0000-000000000000:-1","completion_type":"NO_CHAIN","max_sort_length":"1024","innodb_flushing_avg_loops":"30","use_stat_tables":"PREFERABLY_FOR_QUERIES","core_file":"OFF","query_cache_wlock_invalidate":"OFF","event_scheduler":"OFF","gtid_binlog_pos":"","innodb_max_undo_log_size":"10485760","aria_pagecache_age_threshold":"300","session_track_system_variables":"autocommit,character_set_client,character_set_connection,character_set_results,time_zone","join_cache_level":"2","innodb_immediate_scrub_data_uncompressed":"OFF","gtid_cleanup_batch_size":"64","key_cache_file_hash_size":"512","max_binlog_size":"1073741824","aria_page_checksum":"ON","aria_repair_threads":"1","wsrep_node_incoming_address":"AUTO","innodb_defragment_frequency":"40","have_crypt":"YES","profiling":"OFF","innodb_flush_sync":"ON","encrypt_tmp_disk_tables":"OFF","innodb_status_output":"OFF","default_week_format":"0","gtid_current_pos":"","innodb_read_ahead_threshold":"56","connect_timeout":"10","wsrep_dbug_option":"","query_cache_min_res_unit":"4096","optimizer_max_sel_arg_weight":"32000","updatable_views_with_limit":"YES","relay_log":"","innodb_io_capacity":"200","tx_read_only":"OFF","innodb_monitor_reset_all":"","group_concat_max_len":"1048576","skip_show_database":"OFF","have_geometry":"YES","log_bin_trust_function_creators":"OFF","innodb_lru_flush_size":"32","have_csv":"YES","max_length_for_sort_data":"1024","character_sets_dir":"/opt/hostedtoolcache/mariadb/10.8.7/x64/share/charsets/","innodb_encryption_rotation_iops":"100","low_priority_updates":"OFF","ssl_key":"/tmp/actions-setup-mysql-218TFG/var/server-key.pem","have_dynamic_loading":"YES","innodb_compression_failure_threshold_pct":"5","slave_transaction_retries":"10","innodb_flush_log_at_trx_commit":"1","in_predicate_conversion_threshold":"1000","innodb_ft_result_cache_limit":"2000000000","character_set_server":"latin1","debug_no_thread_alarm":"OFF","performance_schema_max_file_classes":"80","old_mode":"UTF8_IS_UTF8MB3","bind_address":"*","innodb_flush_neighbors":"1","default_storage_engine":"InnoDB","insert_id":"0","optimizer_trace_max_mem_size":"1048576","skip_networking":"OFF","read_buffer_size":"131072","innodb_undo_log_truncate":"OFF","aria_sync_log_dir":"NEWFILE","wsrep_patch_version":"wsrep_26.22","strict_password_validation":"ON","performance_schema_events_transactions_history_size":"-1","port":"3306","innodb_buffer_pool_chunk_size":"2097152","innodb_force_recovery":"0","idle_transaction_timeout":"0","system_versioning_alter_history":"ERROR","column_compression_zlib_wrap":"OFF","replicate_annotate_row_events":"ON","secure_auth":"ON","wsrep_certification_rules":"strict","query_cache_limit":"1048576","max_insert_delayed_threads":"20","innodb_encrypt_tables":"OFF","have_query_cache":"YES","tcp_nodelay":"ON","innodb_ft_aux_table":"","plugin_maturity":"gamma","performance_schema_max_mutex_classes":"210","wsrep_max_ws_size":"2147483647","max_delayed_threads":"20","binlog_commit_wait_usec":"100000","innodb_flush_log_at_timeout":"1","relay_log_info_file":"relay-log.info","binlog_alter_two_phase":"OFF","log_disabled_statements":"sp","innodb_spin_wait_delay":"4","max_prepared_stmt_count":"16382","have_symlink":"YES","tmp_table_size":"16777216","innodb_log_buffer_size":"16777216","secure_file_priv":"","innodb_print_all_deadlocks":"OFF","binlog_format":"MIXED","innodb_deadlock_detect":"ON","innodb_buffer_pool_dump_now":"OFF","binlog_stmt_cache_size":"32768","wsrep_causal_reads":"OFF","have_mrg_myisam":"YES","innodb_encryption_threads":"0","innodb_log_file_buffering":"OFF","table_open_cache":"2000","version_comment":"shogo82148/actions-setup-mysql@v1.15.0","version_ssl_library":"OpenSSL 1.1.1t  7 Feb 2023","lc_messages":"en_US","innodb_read_only_compressed":"OFF","max_digest_length":"1024","max_seeks_for_key":"4294967295","binlog_row_image":"FULL","innodb_adaptive_hash_index":"OFF","aria_checkpoint_interval":"30","query_cache_size":"1048576","collation_database":"latin1_swedish_ci","delayed_queue_size":"1000","have_rtree_keys":"YES","locked_in_memory":"OFF","performance_schema_session_connect_attrs_size":"-1","innodb_buffer_pool_instances":"1","innodb_stats_method":"nulls_equal","init_file":"","character_set_connection":"latin1","innodb_data_home_dir":"","tcp_keepalive_probes":"0","performance_schema_events_waits_history_long_size":"-1","optimizer_prune_level":"1","wsrep_load_data_splitting":"OFF","external_user":"","encrypt_binlog":"OFF","innodb_stats_modified_counter":"0","innodb_sort_buffer_size":"1048576","max_tmp_tables":"32","auto_increment_increment":"1","max_connect_errors":"100","slow_query_log_file":"fv-az436-478-slow.log","innodb_change_buffer_max_size":"25","profiling_history_size":"15","aria_encrypt_tables":"OFF","query_prealloc_size":"24576","slave_parallel_workers":"0","innodb_tmpdir":"","performance_schema_events_stages_history_size":"-1","have_memory":"YES","net_retry_count":"10","gtid_strict_mode":"OFF","have_threadpool":"NO","init_slave":"","analyze_sample_percentage":"100.000000","default_password_lifetime":"0","slave_type_conversions":"","performance_schema_events_statements_history_long_size":"-1","thread_pool_priority":"auto","keep_files_on_create":"OFF","default_tmp_storage_engine":"","time_format":"%H:%i:%s","wsrep_node_address":"","performance_schema_max_sql_text_length":"1024","myisam_recover_options":"BACKUP,QUICK","innodb_use_atomic_writes":"ON","wsrep_sst_donor_rejects_queries":"OFF","thread_pool_dedicated_listener":"OFF","log_bin_index":"","innodb_defragment_n_pages":"7","innodb_checksum_algorithm":"full_crc32","collation_server":"latin1_swedish_ci","myisam_block_size":"1024","innodb_undo_tablespaces":"0","old_passwords":"OFF","wsrep_provider":"none","wsrep_max_ws_rows":"0","performance_schema_max_table_handles":"-1","relay_log_index":"","ft_boolean_syntax":"+ -><()~*:\"\"&|","innodb_ft_user_stopword_table":"","wsrep_sst_receive_address":"AUTO","performance_schema_max_file_instances":"-1","innodb_max_dirty_pages_pct":"90.000000","have_performance_schema":"YES","log_error":"","wsrep_gtid_seq_no":"0","log_bin":"OFF","have_profiling":"YES","sql_big_selects":"ON","bulk_insert_buffer_size":"8388608","ssl_crlpath":"","performance_schema_max_cond_instances":"-1","report_password":"","slave_sql_verify_checksum":"ON","innodb_monitor_reset":"","wsrep_certify_nonpk":"ON","wsrep_dirty_reads":"OFF","sql_buffer_result":"OFF","innodb_adaptive_hash_index_parts":"8","aria_block_size":"8192","wsrep_trx_fragment_unit":"bytes","wsrep_trx_fragment_size":"0","slave_parallel_threads":"0","flush":"OFF","innodb_lock_wait_timeout":"50","character_set_database":"latin1","ft_query_expansion_limit":"20","license":"GPL","gtid_ignore_duplicates":"OFF","version_source_revision":"d4310eb96ab515e37cbe3db939a6f385252a3e0e","binlog_annotate_row_events":"ON","innodb_monitor_disable":"","slave_compressed_protocol":"OFF","aria_max_sort_file_size":"9223372036853727232","have_ssl":"YES","innodb_stats_include_delete_marked":"OFF","max_session_mem_used":"9223372036854775807","enforce_storage_engine":"","innodb_undo_directory":"./","innodb_log_file_size":"100663296","wsrep_data_home_dir":"/tmp/actions-setup-mysql-218TFG/var/","binlog_direct_non_transactional_updates":"OFF","have_myisam":"YES","wsrep_cluster_address":"","character_set_client":"latin1","protocol_version":"10","default_regex_flags":"","storage_engine":"InnoDB","sql_slave_skip_counter":"0","myisam_max_sort_file_size":"9223372036853727232","thread_pool_exact_stats":"OFF","gtid_binlog_state":"","performance_schema_accounts_size":"-1","stored_program_cache":"256","read_binlog_speed_limit":"0","innodb_ft_server_stopword_table":"","in_transaction":"0","thread_pool_max_threads":"65536","lc_messages_dir":"/opt/hostedtoolcache/mariadb/10.8.7/x64/share","idle_readonly_transaction_timeout":"0","innodb_stats_traditional":"ON","ignore_builtin_innodb":"OFF","myisam_data_pointer_size":"6"},"Calculations":{"table_cache_hit_rate":"87","per_thread_buffers":19828736,"pct_wkeys_from_mem":0,"server_buffers":437256192,"total_writes":168,"total_aria_indexes":"360448","pct_reads":"9","pct_aborted_connections":0,"max_used_memory":457084928,"pct_max_used_memory":"6.28","max_total_per_thread_buffers":19828736,"pct_key_buffer_used":"18.2","total_myisam_indexes":"0","total_per_thread_buffers":2994139136,"innodb_log_size_pct":"75","total_reads":"17","total_tables":"300","max_peak_memory":3431395328,"pct_connections_used":"0","joins_without_indexes":0,"pct_aria_keys_from_mem":"17.6","pct_files_open":"0","pct_read_efficiency":"100.00","thread_cache_hit_rate":"91","query_cache_efficiency":"0.0","pct_temp_disk":"0","pct_max_physical_memory":"47.13","query_cache_prunes_per_day":0,"pct_query_cache_used":"1.7","pct_connections_aborted":"0.00","pct_slow_queries":"0","pct_writes":"91","pct_innodb_buffer_used":"100.00","pct_table_locks_immediate":"100","total_sorts":0,"max_tmp_table_size":"16777216","joins_without_indexes_per_day":0,"pct_keys_from_mem":0,"pct_write_efficiency":"100.00"},"Replication":{"Status":{}},"Filesystem":{"Used Space":{"/boot/efi":"6182","/mnt":"4194336"},"Inode Pct":{"/":"10","/mnt":"1"},"Space Pct":{"/mnt":"31","/boot/efi":"6"},"Free Space":{"/boot/efi":"100677","/mnt":"9396508"},"Total Space":{"/mnt":"14341128","/boot/efi":"106858"}},"OS":{"Virtual Machine":"YES","Free Memory RAM":"               total        used        free      shared  buff/cache   available\nMem:            6943         880        1914           7        4148        5746\nSwap:           4095           0        4095\n","Type":"GNU/Linux\n","Physical Memory":{"bytes":"7281278976","pretty":"6.8G"},"Swap Memory":{"bytes":"4294963200","pretty":"4.0G"},"OS Type":"Linux","Release":"Ubuntu 22.04.2 LTS","Architecture":"64 bits","Uptime":" 16:38:51 up 1 min,  0 users,  load average: 1.35, 0.75, 0.30\n","Load Average":"top - 16:38:51 up 1 min,  0 users,  load average: 1.35, 0.75, 0.30\n","Hostname":"fv-az436-478\n","Other Processes":{"pretty":"124.9M","bytes":130924544},"Kernel":"5.15.0-1034-azure\n","Config":{"fs.file-max":"9223372036854775807\n","fs.aio-nr":"0\n","vm.swappiness":"60\n","sunrpc.tcp_slot_table_entries":"","sunrpc.tcp_max_slot_table_entries":"","sunrpc.tcp_fin_timeout":"","fs.aio-max-nr":"65536\n"},"Logged users":"","NbCore":"2"},"Network":{"Connected":"YES","Internal Ip":"docker0: flags=4099<UP,BROADCAST,MULTICAST>  mtu 1500\n        inet 172.17.0.1  netmask 255.255.0.0  broadcast 172.17.255.255\n--\neth0: flags=4163<UP,BROADCAST,RUNNING,MULTICAST>  mtu 1500\n        inet 10.1.0.172  netmask 255.255.0.0  broadcast 10.1.255.255\n--\nlo: flags=73<UP,LOOPBACK,RUNNING>  mtu 65536\n        inet 127.0.0.1  netmask 255.0.0.0\n","External Ip":"  % Total    % Received % Xferd  Average Speed   Time    Time     Time  Current,                                  Dload  Upload   Total   Spent    Left  Speed, \r  0     0    0     0    0     0      0      0 --:--:-- --:--:-- --:--:--     0\r100    14  100    14    0     0    209      0 --:--:-- --:--:-- --:--:--   212, 104.45.204.116"},"CVE":{"nb":0},"Status":{"Com_check":"0","Handler_update":"1","Handler_external_lock":"0","Com_release_savepoint":"0","Com_update":"0","Key_reads":"0","Innodb_pages_read":"820","Feature_fulltext":"0","Com_drop_package_body":"0","Binlog_group_commit_trigger_timeout":"0","Innodb_ibuf_merged_deletes":"0","Com_resignal":"0","Innodb_data_pending_fsyncs":"0","Access_denied_errors":"0","Innodb_encryption_rotation_pages_read_from_cache":"0","Qcache_free_memory":"1031272","Com_grant":"0","Com_execute_sql":"0","Innodb_encryption_rotation_pages_read_from_disk":"0","Handler_read_prev":"0","Handler_read_rnd_deleted":"0","Max_statement_time_exceeded":"0","Binlog_bytes_written":"0","Com_show_create_user":"0","Com_drop_view":"0","Com_repair":"0","Com_ha_read":"0","Innodb_adaptive_hash_hash_searches":"0","Max_used_connections":"1","Performance_schema_hosts_lost":"0","Com_create_package":"0","Com_alter_server":"0","Com_set_option":"3","Performance_schema_table_instances_lost":"0","Ssl_cipher":"TLS_AES_256_GCM_SHA384","Com_create_server":"0","Com_show_processlist":"0","Com_execute_immediate":"0","Com_alter_user":"0","Com_show_collations":"0","Com_optimize":"0","Resultset_metadata_skipped":"0","Opened_files":"101","Innodb_ibuf_segment_size":"2","Innodb_row_lock_time_max":"0","Innodb_encryption_n_temp_blocks_encrypted":"0","Innodb_buffer_pool_wait_free":"3","Com_drop_function":"0","Performance_schema_file_instances_lost":"0","Acl_column_grants":"0","Performance_schema_stage_classes_lost":"0","Com_show_engine_logs":"0","Innodb_rows_deleted":"0","Com_show_package_body_status":"0","Feature_trigger":"0","Uptime":"41","Tc_log_max_pages_used":"0","Com_xa_commit":"0","Com_show_profiles":"0","Ssl_verify_mode":"5","Innodb_buffer_pool_resize_status":"","Com_show_create_trigger":"0","Com_create_udf":"0","Performance_schema_socket_classes_lost":"0","Performance_schema_session_connect_attrs_lost":"0","Binlog_snapshot_position":"0","Feature_insert_returning":"0","Last_query_cost":"0.000000","Innodb_truncated_status_writes":"0","Subquery_cache_hit":"0","Com_create_package_body":"0","Feature_gis":"0","Com_unlock_tables":"0","Com_help":"0","Innodb_system_rows_updated":"0","wsrep_local_bf_aborts":"0","Com_rollback":"0","Column_compressions":"0","Innodb_os_log_written":"341770201","Aborted_clients":"0","Com_create_view":"2","Innodb_buffer_pool_load_incomplete":"OFF","Innodb_buffer_pool_pages_dirty":"1665","Innodb_num_pages_encrypted":"0","Innodb_instant_alter_column":"0","Handler_rollback":"0","Innodb_row_lock_time":"0","Innodb_onlineddl_rowlog_rows":"0","Innodb_data_writes":"13360","Performance_schema_cond_instances_lost":"0","Qcache_hits":"0","Aria_transaction_log_syncs":"1","Binlog_group_commit_trigger_lock_wait":"0","Com_drop_db":"1","Com_stmt_prepare":"0","Executed_events":"0","Com_show_profile":"0","Performance_schema_users_lost":"0","Created_tmp_files":"4","Ssl_version":"TLSv1.3","Innodb_buffer_pool_pages_total":"8064","Rpl_semi_sync_master_no_times":"0","Innodb_ibuf_size":"1","Innodb_adaptive_hash_non_hash_searches":"0","Master_gtid_wait_timeouts":"0","Performance_schema_locker_lost":"0","Com_drop_server":"0","Slave_retried_transactions":"0","Performance_schema_thread_classes_lost":"0","Com_assign_to_keycache":"0","Performance_schema_thread_instances_lost":"0","Delete_scan":"0","Innodb_history_list_length":"191","Key_write_requests":"0","Busy_time":"0.000000","Select_range":"0","Aria_pagecache_read_requests":"17","Com_drop_temporary_table":"0","Aborted_connects_preauth":"0","Com_show_variables":"3","Slave_skipped_errors":"0","Com_create_table":"6","wsrep_applier_thread_count":"0","Opened_table_definitions":"32","Com_commit":"0","Opened_plugin_libraries":"0","wsrep_provider_vendor":"","Subquery_cache_miss":"0","Innodb_row_lock_current_waits":"0","Innodb_checkpoint_max_age":"80819529","Questions":"216","Feature_custom_aggregate_functions":"0","Com_alter_sequence":"0","Com_start_slave":"0","Acl_procedure_grants":"0","Performance_schema_statement_classes_lost":"0","Com_show_binlog_status":"0","Com_drop_index":"0","Feature_xml":"0","Acl_users":"7","":"OFF","Rpl_semi_sync_master_wait_sessions":"0","Handler_icp_match":"0","Innodb_pages_written":"13069","Innodb_encryption_n_rowlog_blocks_decrypted":"0","Com_revoke_all":"0","Com_stmt_reset":"0","Feature_timezone":"0","Com_begin":"0","Innodb_ibuf_discarded_deletes":"0","Com_show_table_status":"0","Com_create_user":"0","Com_get_diagnostics":"0","Com_create_function":"0","Com_drop_sequence":"0","Com_show_privileges":"0","Rows_tmp_read":"1839","Rpl_semi_sync_master_tx_waits":"0","Innodb_onlineddl_rowlog_pct_used":"0","Handler_discover":"0","Com_flush":"1","Com_empty_query":"0","Innodb_undo_truncations":"0","Innodb_onlineddl_pct_progress":"0","Handler_read_last":"0","Slaves_connected":"0","Performance_schema_socket_instances_lost":"0","Innodb_data_read":"13434880","Innodb_master_thread_active_loops":"0","Transactions_multi_engine":"0","Innodb_ibuf_merged_inserts":"0","Feature_dynamic_columns":"0","Com_show_databases":"0","Innodb_background_log_sync":"42","Com_create_db":"2","Rpl_semi_sync_slave_send_ack":"0","Com_create_event":"0","Innodb_buffer_pool_bytes_data":"132120576","Rows_read":"13","Innodb_buffer_pool_pages_made_young":"73","Innodb_num_pages_page_decompressed":"0","Com_show_create_package":"0","Empty_queries":"0","Connections":"12","Com_show_procedure_status":"0","Com_show_binlog_events":"0","Ssl_session_cache_hits":"0","Handler_commit":"180","Aria_pagecache_blocks_used":"12","Column_decompressions":"0","Table_open_cache_active_instances":"1","Handler_read_retry":"0","Threads_connected":"1","Com_show_engine_mutex":"0","Innodb_buffer_pool_bytes_dirty":"27279360","Innodb_defragment_count":"0","Sort_merge_passes":"0","Com_call_procedure":"0","Bytes_sent":"74361","Com_drop_trigger":"0","Innodb_buffer_pool_pages_free":"0","Binlog_stmt_cache_use":"0","Table_open_cache_misses":"28","Aria_pagecache_reads":"14","Rpl_semi_sync_master_yes_tx":"0","Rpl_transactions_multi_engine":"0","Com_xa_start":"0","Handler_read_first":"3","Com_grant_role":"0","Key_read_requests":"0","Ssl_default_timeout":"7200","Threads_created":"1","Sort_rows":"0","wsrep_cluster_state_uuid":"","Prepared_stmt_count":"0","Handler_read_next":"1","Innodb_available_undo_logs":"128","Qcache_not_cached":"0","Com_backup":"0","Com_show_storage_engines":"0","Performance_schema_index_stat_lost":"0","Innodb_dblwr_pages_written":"529","Com_replace_select":"0","Innodb_num_pages_page_compression_error":"0","Com_create_procedure":"0","Com_revoke_role":"0","Innodb_defragment_failures":"0","Com_create_sequence":"0","Innodb_buffer_pool_reads":"820","Acl_function_grants":"0","Open_tables":"20","Com_stop_all_slaves":"0","Delayed_errors":"0","Innodb_num_pages_page_compressed":"0","Com_rename_table":"0","Com_show_keys":"0","Performance_schema_digest_lost":"0","Com_load":"0","Innodb_log_waits":"0","wsrep_cluster_status":"Disconnected","wsrep":"0","Rpl_semi_sync_master_no_tx":"0","Com_create_role":"0","Queries":"216","Com_stmt_fetch":"0","Innodb_log_writes":"240","Innodb_ibuf_discarded_delete_marks":"0","Threads_cached":"0","Qcache_inserts":"0","Innodb_buffer_pool_load_status":"Buffer pool(s) load completed at 230323 16:37:59","Innodb_encryption_n_merge_blocks_decrypted":"0","Tc_log_page_waits":"0","Innodb_checkpoint_age":"42881437","Qcache_lowmem_prunes":"0","Ssl_connect_renegotiates":"0","Executed_triggers":"0","Table_locks_waited":"0","Performance_schema_rwlock_classes_lost":"0","Com_rename_user":"0","Com_compound_sql":"0","Binlog_group_commit_trigger_count":"0","Innodb_log_write_requests":"12094703","Table_locks_immediate":"54","Com_prepare_sql":"0","Rows_sent":"1854","Innodb_data_pending_writes":"0","Innodb_buffer_pool_pages_flushed":"13069","Com_alter_event":"0","Innodb_buffer_pool_pages_lru_flushed":"96","Innodb_rows_inserted":"3919015","Innodb_have_punch_hole":"ON","Rpl_semi_sync_master_timefunc_failures":"0","Com_install_plugin":"0","Ssl_used_session_cache_entries":"0","Handler_write":"3919015","Handler_tmp_update":"0","Opened_views":"1","Bytes_received":"172292393","Rpl_semi_sync_master_tx_avg_wait_time":"0","Performance_schema_nested_statement_lost":"0","Performance_schema_rwlock_instances_lost":"0","wsrep_connected":"OFF","Ssl_finished_accepts":"6","Ssl_session_cache_timeouts":"0","wsrep_cluster_capabilities":"","Innodb_data_written":"214123025","Feature_subquery":"2","Rpl_semi_sync_master_net_avg_wait_time":"0","Acl_table_grants":"1","Handler_mrr_key_refills":"0","Innodb_encryption_rotation_estimated_iops":"0","Performance_schema_prepared_statements_lost":"0","Performance_schema_table_lock_stat_lost":"0","Innodb_have_snappy":"OFF","Handler_icp_attempts":"0","Ssl_accepts":"6","Innodb_data_reads":"834","Performance_schema_metadata_lock_lost":"0","Com_delete_multi":"0","Table_open_cache_overflows":"0","Sort_scan":"0","Innodb_system_rows_deleted":"0","Com_start_all_slaves":"0","Com_create_temporary_table":"0","Feature_json":"1","Innodb_num_open_files":"12","Delayed_insert_threads":"0","Ssl_finished_connects":"0","Com_show_create_table":"0","Innodb_row_lock_waits":"0","Qcache_total_blocks":"1","Com_stop_slave":"0","Select_range_check":"0","Rpl_semi_sync_master_tx_wait_time":"0","Performance_schema_cond_classes_lost":"0","Master_gtid_wait_time":"0","Com_backup_lock":"0","Ssl_verify_depth":"18446744073709551615","Threadpool_threads":"0","Com_show_open_tables":"0","Ssl_sessions_reused":"0","Com_stmt_send_long_data":"0","Com_show_create_db":"0","Threads_running":"1","Innodb_encryption_n_merge_blocks_encrypted":"0","Com_show_errors":"0","Innodb_dblwr_writes":"23","Acl_role_grants":"0","Com_delete":"0","Com_purge":"0","Handler_read_key":"65","Innodb_pages_created":"13829","Aria_pagecache_write_requests":"0","Key_writes":"0","Innodb_rows_read":"0","Open_streams":"4","Com_xa_recover":"0","Connection_errors_tcpwrap":"0","Innodb_secondary_index_triggered_cluster_reads":"0","Innodb_have_lzma":"OFF","Opened_tables":"27","wsrep_thread_count":"0","Innodb_rows_updated":"0","Memory_used_initial":"35229464","Performance_schema_table_handles_lost":"0","Update_scan":"0","Innodb_ibuf_merged_delete_marks":"0","Acl_roles":"0","Com_ha_open":"0","Rpl_semi_sync_slave_status":"OFF","Com_drop_user":"0","wsrep_rollbacker_thread_count":"0","Com_insert":"168","Binlog_commits":"0","Ssl_session_cache_size":"128","Ssl_server_not_before":"Mar 23 16:37:59 2023 GMT","Com_show_package_status":"0","Com_show_status":"2","Slow_queries":"0","Innodb_buffer_pool_pages_misc":"0","Innodb_page_compression_saved":"0","Transactions_gtid_foreign_engine":"0","Innodb_master_thread_idle_loops":"42","wsrep_provider_version":"","Com_analyze":"0","Select_full_join":"0","Master_gtid_wait_count":"0","Com_show_explain":"0","Com_show_fields":"0","Rpl_semi_sync_master_net_wait_time":"0","Innodb_mem_dictionary":"869160","Key_blocks_used":"0","Slave_connections":"0","Handler_mrr_init":"0","Com_stmt_execute":"0","Com_show_events":"0","Innodb_num_page_compressed_trim_op":"0","Innodb_buffer_pool_read_ahead_rnd":"0","Innodb_encryption_rotation_pages_modified":"0","Com_alter_table":"0","Connection_errors_peer_address":"0","Qcache_free_blocks":"1","Slave_heartbeat_period":"0.000","Innodb_ibuf_discarded_inserts":"0","Performance_schema_mutex_instances_lost":"0","Performance_schema_mutex_classes_lost":"0","Com_show_function_status":"0","Com_show_create_package_body":"0","Innodb_data_fsyncs":"915","Ssl_server_not_after":"Mar 20 16:37:59 2033 GMT","Com_show_generic":"0","Com_rollback_to_savepoint":"0","Connection_errors_accept":"0","Handler_savepoint":"0","Innodb_system_rows_inserted":"0","Com_show_slave_status":"0","Binlog_group_commits":"0","Key_blocks_not_flushed":"0","Performance_schema_file_handles_lost":"0","Handler_tmp_write":"1842","Com_show_contributors":"0","Innodb_data_pending_reads":"0","Com_change_db":"1","Com_binlog":"0","Innodb_buffer_pool_read_ahead":"0","Com_preload_keys":"0","Ssl_client_connects":"0","Key_blocks_warm":"0","Feature_system_versioning":"0","Rpl_status":"AUTH_MASTER","Slow_launch_threads":"0","Innodb_max_trx_id":"385","Feature_locale":"0","Com_drop_table":"1","Com_alter_db_upgrade":"0","Acl_package_spec_grants":"0","Com_select":"17","Innodb_buffer_pool_pages_data":"8064","Innodb_row_lock_time_avg":"0","wsrep_provider_name":"","Innodb_encryption_num_key_requests":"0","Ssl_ctx_verify_mode":"5","Uptime_since_flush_status":"41","Innodb_encryption_rotation_pages_flushed":"0","Com_checksum":"0","Cpu_time":"0.000000","Com_alter_procedure":"0","Rpl_semi_sync_master_net_waits":"0","Memory_used":"35863352","Performance_schema_accounts_lost":"0","Innodb_defragment_compression_failures":"0","Handler_read_rnd_next":"1865","Select_scan":"7","Slaves_running":"0","Com_replace":"0","Com_stmt_close":"0","Rpl_semi_sync_master_wait_pos_backtraverse":"0","wsrep_cluster_size":"0","Connection_errors_select":"0","Innodb_lsn_flushed":"341163869","Com_xa_rollback":"0","Binlog_cache_disk_use":"0","Com_show_create_event":"0","Com_savepoint":"0","Acl_proxy_users":"2","Ssl_session_cache_misses":"0","Handler_prepare":"0","Performance_schema_program_lost":"0","Com_show_warnings":"0","Com_xa_prepare":"0","Innodb_buffer_pool_dump_status":"","Com_show_grants":"0","Com_alter_db":"0","Handler_read_rnd":"0","Performance_schema_file_classes_lost":"0","wsrep_local_index":"18446744073709551615","Com_shutdown":"0","Com_ha_close":"0","Handler_delete":"0","Ssl_session_cache_overflows":"0","Ssl_cipher_list":"TLS_AES_256_GCM_SHA384:TLS_CHACHA20_POLY1305_SHA256:TLS_AES_128_GCM_SHA256:ECDHE-ECDSA-AES256-GCM-SHA384:ECDHE-RSA-AES256-GCM-SHA384:DHE-RSA-AES256-GCM-SHA384:ECDHE-ECDSA-CHACHA20-POLY1305:ECDHE-RSA-CHACHA20-POLY1305:DHE-RSA-CHACHA20-POLY1305:ECDHE-ECDSA-AES128-GCM-SHA256:ECDHE-RSA-AES128-GCM-SHA256:DHE-RSA-AES128-GCM-SHA256:ECDHE-ECDSA-AES256-SHA384:ECDHE-RSA-AES256-SHA384:DHE-RSA-AES256-SHA256:ECDHE-ECDSA-AES128-SHA256:ECDHE-RSA-AES128-SHA256:DHE-RSA-AES128-SHA256:ECDHE-ECDSA-AES256-SHA:ECDHE-RSA-AES256-SHA:DHE-RSA-AES256-SHA:ECDHE-ECDSA-AES128-SHA:ECDHE-RSA-AES128-SHA:DHE-RSA-AES128-SHA:RSA-PSK-AES256-GCM-SHA384:DHE-PSK-AES256-GCM-SHA384:RSA-PSK-CHACHA20-POLY1305:DHE-PSK-CHACHA20-POLY1305:ECDHE-PSK-CHACHA20-POLY1305:AES256-GCM-SHA384:PSK-AES256-GCM-SHA384:PSK-CHACHA20-POLY1305:RSA-PSK-AES128-GCM-SHA256:DHE-PSK-AES128-GCM-SHA256:AES128-GCM-SHA256:PSK-AES128-GCM-SHA256:AES256-SHA256:AES128-SHA256:ECDHE-PSK-AES256-CBC-SHA384:ECDHE-PSK-AES256-CBC-SHA:SRP-RSA-AES-256-CBC-SHA:SRP-AES-256-CBC-SHA:RSA-PSK-AES256-CBC-SHA384:DHE-PSK-AES256-CBC-SHA384:RSA-PSK-AES256-CBC-SHA:DHE-PSK-AES256-CBC-SHA:AES256-SHA:PSK-AES256-CBC-SHA384:PSK-AES256-CBC-SHA:ECDHE-PSK-AES128-CBC-SHA256:ECDHE-PSK-AES128-CBC-SHA:SRP-RSA-AES-128-CBC-SHA:SRP-AES-128-CBC-SHA:RSA-PSK-AES128-CBC-SHA256:DHE-PSK-AES128-CBC-SHA256:RSA-PSK-AES128-CBC-SHA:DHE-PSK-AES128-CBC-SHA:AES128-SHA:PSK-AES128-CBC-SHA256:PSK-AES128-CBC-SHA","Delayed_writes":"0","Innodb_buffer_pool_pages_made_not_young":"1655783","Com_show_relaylog_events":"0","Acl_database_grants":"2","Innodb_buffer_pool_read_ahead_evicted":"33","Ssl_callback_cache_hits":"0","Innodb_buffer_pool_read_requests":"37295910","Com_create_index":"0","Com_drop_role":"0","Innodb_have_lzo":"OFF","Com_do":"0","Rpl_semi_sync_master_status":"OFF","Com_show_triggers":"0","Innodb_buffer_pool_pages_lru_freed":"0","Com_uninstall_plugin":"0","Innodb_encryption_n_rowlog_blocks_encrypted":"0","Slave_running":"OFF","Com_truncate":"0","Ssl_session_cache_mode":"SERVER","Select_full_range_join":"0","Sort_range":"0","Com_create_trigger":"0","Innodb_secondary_index_triggered_cluster_reads_avoided":"0","Innodb_mem_adaptive_hash":"0","Syncs":"82","Com_show_tables":"0","Binlog_cache_use":"0","Com_show_create_func":"0","Innodb_log_waits_computed":0,"Compression":"OFF","Sort_priority_queue_sorts":"0","Feature_delay_key_write":"0","Com_show_authors":"0","Com_revoke":"0","Com_show_plugins":"0","Com_stmt_reprepare":"0","Innodb_deadlocks":"0","Innodb_encryption_n_temp_blocks_decrypted":"0","wsrep_ready":"OFF","Open_table_definitions":"27","Acl_package_body_grants":"0","Com_xa_end":"0","Com_drop_package":"0","Com_alter_function":"0","Connection_errors_internal":"0","Innodb_page_size":"16384","Created_tmp_disk_tables":"0","Com_purge_before_date":"0","Com_insert_select":"0","Com_show_create_proc":"0","Slave_received_heartbeats":"0","Key_blocks_unused":"107163","Com_dealloc_sql":"0","Com_kill":"0","Innodb_buffer_pool_pages_old":"2957","Feature_check_constraint":"1","Innodb_ibuf_free_list":"0","Feature_application_time_periods":"0","Aria_pagecache_writes":"0","Com_signal":"0","Table_open_cache_hits":"201","Performance_schema_memory_classes_lost":"0","Qcache_queries_in_cache":"0","Aria_pagecache_blocks_unused":"15635","Feature_window_functions":"0","Rpl_semi_sync_master_clients":"0","Com_show_slave_hosts":"0","Feature_invisible_columns":"0","Created_tmp_tables":"7","Innodb_buffer_pool_write_requests":"12148529","Threadpool_idle_threads":"0","Com_update_multi":"0","Com_show_charsets":"0","Tc_log_page_size":"0","Ssl_ctx_verify_depth":"18446744073709551615","Com_drop_event":"0","wsrep_cluster_conf_id":"18446744073709551615","Connection_errors_max_connections":"0","Innodb_ibuf_merges":"0","Handler_mrr_rowid_refills":"0","Com_show_engine_status":"0","Com_lock_tables":"0","Aborted_connects":"0","Com_drop_procedure":"0","Innodb_num_pages_decrypted":"0","Aria_pagecache_blocks_not_flushed":"1","Not_flushed_delayed_rows":"0","Com_change_master":"0","Handler_savepoint_rollback":"0","Handler_tmp_delete":"0","Rpl_semi_sync_master_request_ack":"0","Innodb_system_rows_read":"0","Slave_open_temp_tables":"0","wsrep_provider_capabilities":"","Innodb_lsn_current":"341815669","Binlog_stmt_cache_disk_use":"0","Com_reset":"0","Rpl_semi_sync_master_get_ack":"0","Com_show_binlogs":"0","Com_admin_commands":"1","Open_files":"29","Ssl_accept_renegotiates":"0","Binlog_snapshot_file":"","Innodb_lsn_last_checkpoint":"298934232"},"Tables":{"Fragmented tables":[]},"PctAutoIncrement":{"mysql.time_zone":"0.00"},"MaxInt":"18446744073709551615","Galera":{"GCache":{"memory":"0","pretty_memory":"0B"}},"MySQLTuner":{"datetime":"23-03-2023 16:38:40\n","options":{"nocolstat":0,"updateversion":0,"cvefile":"./vulnerabilities.csv","ssl-ca":"0","json":"1","debug":0,"nobad":0,"sysstat":1,"nocolor":1,"nodbstat":0,"forcemem":0,"defaults-extra-file":"","reportfile":"0","pass":"root","tbstat":1,"password":0,"server-log":"","port":3306,"nosysstat":0,"silent":0,"nopfstat":0,"protocol":"tcp","verbose":1,"color":0,"checkversion":"1","user":"root","skippassword":"0","colstat":0,"passwordfile":"0","template":"0","notbstat":0,"socket":"0","outputfile":"0","maxportallowed":0,"bannedports":"","idxstat":1,"pfstat":1,"prettyjson":0,"noprocess":0,"forceswap":0,"nogood":0,"noidxstat":0,"dbstat":1,"host":"127.0.0.1","defaults-file":"","noinfo":0,"noask":0,"buffers":"1","skipsize":"0","dumpdir":"/home/runner/work/MySQLTuner-perl/MySQLTuner-perl/examples/github/result/mariadb/10.8"},"version":"2.1.1"},"Performance_schema":{"memory":0,"pretty_memory":"0B"},"Indexes":{"PRIMARY(title)":{"Selectivity":"100.00","Index Type":"BTREE","Row number":"442189","Cardinality":"442189","Sequence number":"2","Column":"employees.titles","Number of column":"3"},"PRIMARY(from_date)":{"Row number":"442189","Sequence number":"3","Cardinality":"442189","Number of column":"3","Column":"employees.titles","Selectivity":"100.00","Index Type":"BTREE"},"PRIMARY(dept_no)":{"Row number":"331570","Sequence number":"2","Cardinality":"331570","Column":"employees.dept_emp","Number of column":"2","Selectivity":"100.00","Index Type":"BTREE"},"PRIMARY(emp_no)":{"Number of column":"2","Column":"employees.dept_manager","Sequence number":"1","Cardinality":"24","Row number":"24","Index Type":"BTREE","Selectivity":"100.00"},"dept_no(dept_no)":{"Index Type":"BTREE","Selectivity":"100.00","Number of column":"1","Column":"employees.dept_manager","Row number":"24","Cardinality":"24","Sequence number":"1"}},"Databases":{"List":["data","employees","information_schema","mysql","performance_schema","sys","test"],"employees":{"Index Pct":"15.12%","Data Pct":"84.88%","Index Size":"5816320","Rows":"3917863","Total Size":"38469632","Tables":"8","Data Size":"32653312","Collations":"1"},"All databases":{"Total Size":"38469632","Rows":"3917863","Data Size":"32653312","Index Pct":"15.12%","Index Size":"5816320","Data Pct":"84.88%"}},"Storage Engines":{"sequence":"YES","performance_schema":"YES","innodb":"DEFAULT","csv":"YES","aria":"YES","mrg_myisam":"YES","myisam":"YES","memory":"YES"},"Recommendations":["setup swappiness lower or equals to 10","setup Max running number events greater than 1M","Remove Anonymous User accounts - there are 2 anonymous accounts.","Set up a Secure Password for 'root'@'localhost' user: SET PASSWORD FOR 'root'@'localhost' = PASSWORD('secure_password');","Set up a Secure Password for root@localhost user: SET PASSWORD FOR 'root'@'localhost' = PASSWORD('secure_password');","1 user(s) used basic or weak password from basic dictionary.","MySQL was started within the last 24 hours: recommendations may be inaccurate","Configure your accounts with ip or subnets only, then update your configuration with skip-name-resolve=1","Performance schema should be activated for better diagnostics","Before changing innodb_log_file_size and/or innodb_log_files_in_group read this: https://bit.ly/2TcGgtU"],"AdjustVariables":["vm.swappiness <= 10 (echo 10 > /proc/sys/vm/swappiness)","fs.aio-max-nr > 1M (echo 1048576 > /proc/sys/fs/aio-max-nr)","skip-name-resolve=1","performance_schema=ON","innodb_log_file_size should be (=32M) if possible, so InnoDB total log file size equals 25% of buffer pool size."],"MySQL Client":{"SSL":"Cipher in use is TLS_AES_256_GCM_SHA384","Current user":"root@localhost","Authentication Info":"-u root -p'root'  --protocol=tcp","Conn.  characterset":"latin1","Client Path":"/usr/bin/mysql","Connection":"localhost via TCP/IP","TCP port":"3306","Server characterset":"latin1","Protocol version":"10","Admin Path":"/usr/bin/mysqladmin","Db     characterset":"latin1","Uptime":"41 sec","Version":"10.8.7","Server version":"5.5.5-10.8.7-MariaDB shogo82148/actions-setup-mysql@v1.15.0","Client characterset":"latin1","Current database":""},"Engine":{"MyISAM":{"Enabled":"YES"},"MEMORY":{"Enabled":"YES"},"CSV":{"Enabled":"YES"},"InnoDB":{"Index Size":"5816320","Data Size":"32653312","Enabled":"DEFAULT","Table Number":"6","Total Size":"38469632"},"PERFORMANCE_SCHEMA":{"Enabled":"YES"},"Aria":{"Table Number":"1","Total Size":"32768","Data Size":"16384","Index Size":"16384","Enabled":"YES"},"SEQUENCE":{"Enabled":"YES"},"MRG_MyISAM":{"Enabled":"YES"}}}