{"Replication":{"Status":{}},"AdjustVariables":["vm.swappiness <= 10 (echo 10 > /proc/sys/vm/swappiness)","fs.aio-max-nr > 1M (echo 1048576 > /proc/sys/fs/aio-max-nr)","skip-name-resolve=1","performance_schema=ON","innodb_log_file_size should be (=32M) if possible, so InnoDB total log file size equals 25% of buffer pool size."],"Calculations":{"pct_innodb_buffer_used":"98.39","joins_without_indexes_per_day":0,"total_aria_indexes":"360448","pct_read_efficiency":"100.00","total_writes":168,"max_peak_memory":3431395328,"max_tmp_table_size":"16777216","pct_query_cache_used":"1.7","joins_without_indexes":0,"max_total_per_thread_buffers":19828736,"total_sorts":0,"pct_aria_keys_from_mem":"17.6","innodb_log_size_pct":"75","pct_max_used_memory":"6.28","server_buffers":437256192,"pct_connections_aborted":"0.00","pct_table_locks_immediate":"100","pct_key_buffer_used":"18.2","pct_wkeys_from_mem":0,"total_myisam_indexes":"0","pct_writes":"91","max_used_memory":457084928,"pct_temp_disk":"0","pct_connections_used":"0","pct_write_efficiency":"98.22","pct_reads":"9","pct_aborted_connections":0,"total_per_thread_buffers":2994139136,"total_tables":"300","table_cache_hit_rate":"87","pct_files_open":"0","pct_max_physical_memory":"47.13","pct_keys_from_mem":0,"thread_cache_hit_rate":"91","total_reads":"17","query_cache_prunes_per_day":0,"pct_slow_queries":"0","per_thread_buffers":19828736,"query_cache_efficiency":"0.0"},"MaxInt":"18446744073709551615","OS":{"Architecture":"64 bits","Type":"GNU/Linux\n","Physical Memory":{"bytes":"7281278976","pretty":"6.8G"},"OS Type":"Linux","Virtual Machine":"YES","Free Memory RAM":"               total        used        free      shared  buff/cache   available\nMem:            6943         879        1816           7        4247        5753\nSwap:           4095           0        4095\n","Swap Memory":{"pretty":"4.0G","bytes":"4294963200"},"Logged users":"","Other Processes":{"pretty":"124.3M","bytes":130351104},"Release":"Ubuntu 22.04.2 LTS","Hostname":"fv-az577-468\n","NbCore":"2","Load Average":"top - 16:39:12 up 3 min,  0 users,  load average: 1.15, 0.79, 0.33\n","Config":{"fs.aio-nr":"0\n","sunrpc.tcp_fin_timeout":"","sunrpc.tcp_max_slot_table_entries":"","fs.aio-max-nr":"65536\n","sunrpc.tcp_slot_table_entries":"","fs.file-max":"9223372036854775807\n","vm.swappiness":"60\n"},"Kernel":"5.15.0-1034-azure\n","Uptime":" 16:39:12 up 3 min,  0 users,  load average: 1.15, 0.79, 0.33\n"},"Galera":{"GCache":{"memory":"0","pretty_memory":"0B"}},"Tables":{"Fragmented tables":[]},"PctAutoIncrement":{"mysql.time_zone":"0.00"},"Status":{"Com_show_open_tables":"0","Handler_read_rnd":"0","Handler_delete":"0","Open_tables":"20","Sort_priority_queue_sorts":"0","Com_alter_table":"0","Innodb_rows_deleted":"0","Rpl_semi_sync_slave_send_ack":"0","Com_show_create_package_body":"0","Innodb_log_writes":"296","Com_show_plugins":"0","Syncs":"82","Com_create_sequence":"0","Feature_locale":"0","Innodb_have_lzma":"OFF","Innodb_dblwr_writes":"32","Com_show_package_body_status":"0","Innodb_lsn_last_checkpoint":"270147402","Com_show_charsets":"0","Com_show_procedure_status":"0","Table_locks_waited":"0","Performance_schema_mutex_classes_lost":"0","Memory_used":"35854200","Ssl_accept_renegotiates":"0","Com_drop_user":"0","Innodb_buffer_pool_pages_flushed":"13439","Ssl_session_cache_timeouts":"0","Innodb_ibuf_merged_inserts":"0","Last_query_cost":"0.000000","Innodb_master_thread_active_loops":"0","Com_show_binlogs":"0","Com_show_profiles":"0","Com_drop_table":"1","Rpl_semi_sync_master_net_waits":"0","Innodb_page_size":"16384","Delete_scan":"0","Feature_window_functions":"0","Com_xa_rollback":"0","Innodb_encryption_num_key_requests":"0","Com_replace":"0","Feature_xml":"0","Rpl_semi_sync_master_wait_pos_backtraverse":"0","Rpl_semi_sync_master_yes_tx":"0","Table_locks_immediate":"54","Threads_cached":"0","Ssl_client_connects":"0","Ssl_session_cache_size":"128","Handler_commit":"180","Ssl_callback_cache_hits":"0","Innodb_buffer_pool_load_status":"Buffer pool(s) load completed at 230323 16:38:07","Innodb_deadlocks":"0","Slow_queries":"0","Feature_gis":"0","Connection_errors_select":"0","Aria_pagecache_blocks_used":"12","Innodb_buffer_pool_bytes_data":"130760704","Innodb_data_writes":"13767","Delayed_errors":"0","Ssl_finished_connects":"0","Com_show_fields":"0","Ssl_sessions_reused":"0","Com_show_create_event":"0","Feature_json":"1","Com_create_table":"6","Com_execute_sql":"0","Feature_subquery":"2","Ssl_session_cache_mode":"SERVER","Performance_schema_mutex_instances_lost":"0","Slave_received_heartbeats":"0","Innodb_encryption_rotation_estimated_iops":"0","Com_create_view":"2","Handler_tmp_write":"1843","Com_stmt_prepare":"0","Innodb_buffer_pool_read_ahead":"0","Innodb_log_waits_computed":0,"Feature_custom_aggregate_functions":"0","Rpl_semi_sync_slave_status":"OFF","Innodb_dblwr_pages_written":"865","Innodb_ibuf_free_list":"0","Binlog_stmt_cache_use":"0","Innodb_row_lock_time":"0","Innodb_history_list_length":"0","wsrep_cluster_capabilities":"","Performance_schema_statement_classes_lost":"0","Com_create_procedure":"0","Com_show_profile":"0","Com_change_master":"0","Innodb_encryption_n_rowlog_blocks_decrypted":"0","Innodb_buffer_pool_dump_status":"","Com_create_trigger":"0","Compression":"OFF","Binlog_cache_use":"0","Com_begin":"0","Ssl_cipher":"TLS_AES_256_GCM_SHA384","Handler_mrr_init":"0","Feature_delay_key_write":"0","Com_xa_prepare":"0","Ssl_cipher_list":"TLS_AES_256_GCM_SHA384:TLS_CHACHA20_POLY1305_SHA256:TLS_AES_128_GCM_SHA256:ECDHE-ECDSA-AES256-GCM-SHA384:ECDHE-RSA-AES256-GCM-SHA384:DHE-RSA-AES256-GCM-SHA384:ECDHE-ECDSA-CHACHA20-POLY1305:ECDHE-RSA-CHACHA20-POLY1305:DHE-RSA-CHACHA20-POLY1305:ECDHE-ECDSA-AES128-GCM-SHA256:ECDHE-RSA-AES128-GCM-SHA256:DHE-RSA-AES128-GCM-SHA256:ECDHE-ECDSA-AES256-SHA384:ECDHE-RSA-AES256-SHA384:DHE-RSA-AES256-SHA256:ECDHE-ECDSA-AES128-SHA256:ECDHE-RSA-AES128-SHA256:DHE-RSA-AES128-SHA256:ECDHE-ECDSA-AES256-SHA:ECDHE-RSA-AES256-SHA:DHE-RSA-AES256-SHA:ECDHE-ECDSA-AES128-SHA:ECDHE-RSA-AES128-SHA:DHE-RSA-AES128-SHA:RSA-PSK-AES256-GCM-SHA384:DHE-PSK-AES256-GCM-SHA384:RSA-PSK-CHACHA20-POLY1305:DHE-PSK-CHACHA20-POLY1305:ECDHE-PSK-CHACHA20-POLY1305:AES256-GCM-SHA384:PSK-AES256-GCM-SHA384:PSK-CHACHA20-POLY1305:RSA-PSK-AES128-GCM-SHA256:DHE-PSK-AES128-GCM-SHA256:AES128-GCM-SHA256:PSK-AES128-GCM-SHA256:AES256-SHA256:AES128-SHA256:ECDHE-PSK-AES256-CBC-SHA384:ECDHE-PSK-AES256-CBC-SHA:SRP-RSA-AES-256-CBC-SHA:SRP-AES-256-CBC-SHA:RSA-PSK-AES256-CBC-SHA384:DHE-PSK-AES256-CBC-SHA384:RSA-PSK-AES256-CBC-SHA:DHE-PSK-AES256-CBC-SHA:AES256-SHA:PSK-AES256-CBC-SHA384:PSK-AES256-CBC-SHA:ECDHE-PSK-AES128-CBC-SHA256:ECDHE-PSK-AES128-CBC-SHA:SRP-RSA-AES-128-CBC-SHA:SRP-AES-128-CBC-SHA:RSA-PSK-AES128-CBC-SHA256:DHE-PSK-AES128-CBC-SHA256:RSA-PSK-AES128-CBC-SHA:DHE-PSK-AES128-CBC-SHA:AES128-SHA:PSK-AES128-CBC-SHA256:PSK-AES128-CBC-SHA","Com_purge_before_date":"0","Com_show_engine_mutex":"0","Innodb_os_log_pending_fsyncs":"0","Rpl_semi_sync_master_tx_waits":"0","Handler_icp_match":"0","Rpl_semi_sync_master_clients":"0","Com_shutdown":"0","wsrep_cluster_conf_id":"18446744073709551615","Binlog_stmt_cache_disk_use":"0","Innodb_data_fsyncs":"979","Slaves_connected":"0","Com_show_storage_engines":"0","Handler_read_rnd_next":"1866","Com_show_table_status":"0","Innodb_pages_read":"977","Connection_errors_internal":"0","Performance_schema_thread_instances_lost":"0","Com_show_privileges":"0","Com_help":"0","Performance_schema_cond_classes_lost":"0","Com_show_authors":"0","Innodb_buffer_pool_pages_old":"2965","Column_compressions":"0","Subquery_cache_hit":"0","Innodb_buffer_pool_reads":"977","Com_stmt_reprepare":"0","wsrep_cluster_state_uuid":"","Com_repair":"0","Com_install_plugin":"0","Innodb_row_lock_current_waits":"0","Update_scan":"0","Com_kill":"0","Rpl_semi_sync_master_wait_sessions":"0","Com_show_slave_status":"0","Com_alter_event":"0","Com_show_binlog_events":"0","Acl_package_spec_grants":"0","Com_create_package":"0","wsrep_ready":"OFF","Handler_external_lock":"0","Delayed_insert_threads":"0","Threadpool_threads":"0","Com_drop_db":"1","Rpl_semi_sync_master_net_wait_time":"0","Innodb_encryption_n_merge_blocks_decrypted":"0","Performance_schema_table_instances_lost":"0","Ssl_ctx_verify_mode":"5","Handler_rollback":"0","wsrep_provider_name":"","Innodb_num_pages_page_compressed":"0","Binlog_bytes_written":"0","Handler_savepoint_rollback":"0","Handler_read_last":"0","Created_tmp_files":"4","Performance_schema_hosts_lost":"0","Ssl_used_session_cache_entries":"0","Slave_connections":"0","Acl_roles":"0","Uptime_since_flush_status":"54","Performance_schema_locker_lost":"0","Com_xa_start":"0","Innodb_buffer_pool_pages_dirty":"3554","Innodb_rows_updated":"0","Select_scan":"7","Handler_mrr_rowid_refills":"0","Qcache_queries_in_cache":"0","Ssl_version":"TLSv1.3","Com_start_slave":"0","Innodb_checkpoint_max_age":"80827823","Qcache_free_memory":"1031272","Tc_log_page_waits":"0","Com_show_contributors":"0","Innodb_data_pending_fsyncs":"0","Com_stop_slave":"0","Com_truncate":"0","Com_create_temporary_table":"0","Opened_table_definitions":"32","Innodb_num_pages_page_compression_error":"0","Performance_schema_thread_classes_lost":"0","Innodb_os_log_fsyncs":"293","wsrep_local_index":"18446744073709551615","Com_signal":"0","Bytes_received":"172292393","Handler_mrr_key_refills":"0","Aria_transaction_log_syncs":"1","Com_show_variables":"3","Transactions_gtid_foreign_engine":"0","wsrep_cluster_size":"0","Com_create_function":"0","Slaves_running":"0","Feature_system_versioning":"0","Handler_write":"3919015","Com_select":"17","Acl_package_body_grants":"0","Innodb_buffer_pool_pages_lru_flushed":"96","Innodb_data_written":"220185441","Innodb_encryption_rotation_pages_flushed":"0","Handler_read_prev":"0","Select_range":"0","Innodb_adaptive_hash_non_hash_searches":"0","Ssl_server_not_after":"Mar 20 16:38:07 2033 GMT","Threadpool_idle_threads":"0","Aria_pagecache_write_requests":"0","Feature_check_constraint":"1","Innodb_ibuf_segment_size":"2","Rpl_semi_sync_master_status":"OFF","Qcache_total_blocks":"1","Handler_read_first":"3","Rpl_transactions_multi_engine":"0","Performance_schema_memory_classes_lost":"0","Com_create_user":"0","Com_create_db":"2","Com_empty_query":"0","Com_create_server":"0","Innodb_ibuf_merged_delete_marks":"0","Performance_schema_digest_lost":"0","Binlog_snapshot_position":"0","Com_alter_user":"0","Transactions_multi_engine":"0","Innodb_encryption_n_merge_blocks_encrypted":"0","Com_show_grants":"0","Rpl_semi_sync_master_get_ack":"0","Key_blocks_not_flushed":"0","Acl_proxy_users":"2","Com_ha_read":"0","Innodb_num_page_compressed_trim_op":"0","Com_show_keys":"0","Com_ha_open":"0","Feature_trigger":"0","Innodb_have_lzo":"OFF","Com_show_generic":"0","Memory_used_initial":"35229104","Qcache_free_blocks":"1","Innodb_mem_adaptive_hash":"0","Com_create_index":"0","Performance_schema_table_lock_stat_lost":"0","Com_alter_procedure":"0","Innodb_instant_alter_column":"0","Handler_icp_attempts":"0","Innodb_defragment_count":"0","Innodb_available_undo_logs":"128","Connections":"12","Com_delete_multi":"0","Binlog_group_commit_trigger_count":"0","Performance_schema_file_classes_lost":"0","Com_stmt_close":"0","Com_show_events":"0","Max_statement_time_exceeded":"0","Questions":"216","Com_load":"0","Innodb_ibuf_size":"1","Innodb_os_log_written":"304066560","Executed_triggers":"0","Aria_pagecache_read_requests":"17","Innodb_buffer_pool_load_incomplete":"OFF","Innodb_pages_written":"13439","Rows_sent":"1855","":"OFF","Master_gtid_wait_time":"0","Table_open_cache_active_instances":"1","Acl_function_grants":"0","Com_compound_sql":"0","Access_denied_errors":"0","Select_full_range_join":"0","Executed_events":"0","Rows_read":"13","Ssl_session_cache_hits":"0","Qcache_hits":"0","Com_optimize":"0","Com_delete":"0","Innodb_ibuf_discarded_inserts":"0","Com_call_procedure":"0","Com_lock_tables":"0","Max_used_connections":"1","Com_show_triggers":"0","Handler_savepoint":"0","Innodb_buffer_pool_write_requests":"12164778","Com_commit":"0","Cpu_time":"0.000000","Resultset_metadata_skipped":"0","Com_analyze":"0","Innodb_buffer_pool_read_ahead_rnd":"0","Feature_application_time_periods":"0","Innodb_buffer_pool_read_ahead_evicted":"36","Innodb_onlineddl_rowlog_rows":"0","Com_ha_close":"0","Created_tmp_tables":"7","Created_tmp_disk_tables":"0","Handler_read_next":"1","Com_stmt_execute":"0","Innodb_buffer_pool_read_requests":"37305481","Threads_running":"1","Key_reads":"0","Ssl_finished_accepts":"6","Performance_schema_rwlock_instances_lost":"0","Connection_errors_tcpwrap":"0","Performance_schema_file_handles_lost":"0","Column_decompressions":"0","Com_reset":"0","Slave_heartbeat_period":"0.000","Sort_merge_passes":"0","Innodb_ibuf_discarded_delete_marks":"0","Rpl_semi_sync_master_net_avg_wait_time":"0","Bytes_sent":"74406","Com_show_create_proc":"0","Innodb_system_rows_read":"0","Innodb_encryption_n_temp_blocks_decrypted":"0","Rows_tmp_read":"1840","Qcache_inserts":"0","Innodb_data_read":"16007168","Innodb_encryption_n_rowlog_blocks_encrypted":"0","Innodb_data_pending_reads":"0","Innodb_buffer_pool_pages_misc":"0","Com_create_udf":"0","Performance_schema_stage_classes_lost":"0","Com_show_create_table":"0","wsrep_rollbacker_thread_count":"0","Key_blocks_used":"0","Innodb_num_open_files":"12","Com_prepare_sql":"0","Com_stmt_send_long_data":"0","Innodb_mem_dictionary":"869160","Com_insert_select":"0","Key_read_requests":"0","wsrep_connected":"OFF","Innodb_onlineddl_pct_progress":"0","wsrep_provider_vendor":"","Open_table_definitions":"27","Com_show_engine_status":"0","Com_show_tables":"0","Innodb_row_lock_time_avg":"0","Delayed_writes":"0","wsrep_thread_count":"0","Innodb_row_lock_time_max":"0","Innodb_ibuf_merges":"0","Com_xa_recover":"0","Com_update_multi":"0","Com_alter_server":"0","Com_drop_index":"0","wsrep_cluster_status":"Disconnected","Binlog_commits":"0","Com_show_function_status":"0","Rpl_semi_sync_master_tx_avg_wait_time":"0","Handler_tmp_update":"0","Slave_skipped_errors":"0","Innodb_buffer_pool_pages_made_young":"108","Com_rename_table":"0","Com_flush":"1","Com_drop_server":"0","Innodb_encryption_rotation_pages_read_from_cache":"0","Com_show_databases":"0","Slave_retried_transactions":"0","Com_drop_package":"0","Com_binlog":"0","Innodb_lsn_current":"303025074","Ssl_verify_mode":"5","Acl_users":"7","Com_drop_procedure":"0","Innodb_defragment_compression_failures":"0","Com_show_create_trigger":"0","Innodb_system_rows_updated":"0","Feature_timezone":"0","Com_xa_end":"0","Com_preload_keys":"0","Com_update":"0","Prepared_stmt_count":"0","Innodb_data_pending_writes":"0","Handler_prepare":"0","Performance_schema_socket_classes_lost":"0","Com_grant_role":"0","Com_uninstall_plugin":"0","Ssl_verify_depth":"18446744073709551615","Com_create_event":"0","Performance_schema_file_instances_lost":"0","Opened_files":"101","Innodb_data_reads":"992","Innodb_lsn_flushed":"303025074","Com_change_db":"1","Com_alter_db_upgrade":"0","Com_show_errors":"0","Com_stmt_fetch":"0","Com_savepoint":"0","Innodb_buffer_pool_pages_free":"131","Aria_pagecache_reads":"14","Com_show_status":"2","Innodb_max_trx_id":"391","Com_show_explain":"0","Busy_time":"0.000000","Innodb_rows_read":"0","Innodb_ibuf_discarded_deletes":"0","Com_show_processlist":"0","Com_drop_temporary_table":"0","Slave_running":"OFF","Opened_plugin_libraries":"0","Feature_fulltext":"0","Com_set_option":"3","Binlog_group_commit_trigger_timeout":"0","Com_create_role":"0","Innodb_buffer_pool_pages_made_not_young":"1640285","Connection_errors_accept":"0","Innodb_truncated_status_writes":"0","Opened_tables":"27","Innodb_ibuf_merged_deletes":"0","Performance_schema_prepared_statements_lost":"0","Innodb_buffer_pool_pages_data":"7981","Acl_role_grants":"0","Binlog_group_commits":"0","Innodb_buffer_pool_wait_free":"3","Handler_read_retry":"0","Performance_schema_metadata_lock_lost":"0","Key_writes":"0","wsrep_provider_capabilities":"","Com_alter_sequence":"0","Innodb_system_rows_inserted":"0","Table_open_cache_misses":"28","Innodb_log_write_requests":"16611","Com_purge":"0","Aria_pagecache_blocks_not_flushed":"1","Sort_range":"0","Handler_read_key":"65","Innodb_rows_inserted":"3919015","Master_gtid_wait_count":"0","Innodb_num_pages_page_decompressed":"0","Handler_update":"1","Com_unlock_tables":"0","Binlog_snapshot_file":"","Tc_log_page_size":"0","Innodb_log_waits":"0","Com_show_relaylog_events":"0","Com_xa_commit":"0","Com_show_slave_hosts":"0","Performance_schema_cond_instances_lost":"0","Com_drop_sequence":"0","Ssl_session_cache_misses":"0","Com_show_warnings":"0","wsrep_applier_thread_count":"0","Performance_schema_rwlock_classes_lost":"0","Key_blocks_unused":"107163","Aborted_connects_preauth":"0","Select_range_check":"0","Performance_schema_index_stat_lost":"0","Rpl_semi_sync_master_no_times":"0","Com_create_package_body":"0","Performance_schema_users_lost":"0","Table_open_cache_overflows":"0","Com_stop_all_slaves":"0","Performance_schema_nested_statement_lost":"0","Innodb_secondary_index_triggered_cluster_reads":"0","Uptime":"54","Innodb_page_compression_saved":"0","Com_rollback":"0","Performance_schema_accounts_lost":"0","Qcache_lowmem_prunes":"0","Feature_invisible_columns":"0","Com_rollback_to_savepoint":"0","Performance_schema_program_lost":"0","Com_grant":"0","Com_show_binlog_status":"0","Aria_pagecache_writes":"0","Master_gtid_wait_timeouts":"0","Rpl_semi_sync_master_timefunc_failures":"0","Com_drop_view":"0","wsrep":"0","Com_revoke_all":"0","Aborted_clients":"0","Com_drop_function":"0","Innodb_defragment_failures":"0","Aborted_connects":"0","Table_open_cache_hits":"201","Com_resignal":"0","Threads_connected":"1","Com_get_diagnostics":"0","Com_show_create_db":"0","Innodb_adaptive_hash_hash_searches":"0","Com_execute_immediate":"0","Rpl_semi_sync_master_no_tx":"0","Feature_dynamic_columns":"0","Sort_scan":"0","Innodb_buffer_pool_pages_total":"8112","Key_blocks_warm":"0","Innodb_encryption_rotation_pages_read_from_disk":"0","Com_show_create_func":"0","Innodb_row_lock_waits":"0","Ssl_session_cache_overflows":"0","Rpl_status":"AUTH_MASTER","Subquery_cache_miss":"0","Slow_launch_threads":"0","Threads_created":"1","Com_backup_lock":"0","Handler_tmp_delete":"0","Innodb_buffer_pool_resize_status":"","Innodb_have_punch_hole":"ON","Empty_queries":"0","Com_show_create_package":"0","Com_show_package_status":"0","Rpl_semi_sync_master_tx_wait_time":"0","Com_drop_package_body":"0","Feature_insert_returning":"0","Connection_errors_max_connections":"0","Handler_discover":"0","Com_rename_user":"0","Innodb_master_thread_idle_loops":"54","Innodb_system_rows_deleted":"0","Binlog_group_commit_trigger_lock_wait":"0","Performance_schema_session_connect_attrs_lost":"0","Innodb_buffer_pool_bytes_dirty":"58228736","Com_drop_role":"0","Innodb_encryption_rotation_pages_modified":"0","Ssl_accepts":"6","Innodb_os_log_pending_writes":"0","Performance_schema_table_handles_lost":"0","Innodb_checkpoint_age":"32877672","Com_dealloc_sql":"0","Com_alter_db":"0","Innodb_num_pages_decrypted":"0","Key_write_requests":"0","Com_start_all_slaves":"0","Innodb_num_pages_encrypted":"0","Innodb_buffer_pool_pages_lru_freed":"0","Sort_rows":"0","Innodb_pages_created":"13832","Com_stmt_reset":"0","Performance_schema_socket_instances_lost":"0","Innodb_onlineddl_rowlog_pct_used":"0","Ssl_default_timeout":"7200","Com_show_collations":"0","Com_drop_trigger":"0","Innodb_encryption_n_temp_blocks_encrypted":"0","Com_assign_to_keycache":"0","Open_files":"29","Rpl_semi_sync_master_request_ack":"0","Select_full_join":"0","Com_release_savepoint":"0","Binlog_cache_disk_use":"0","Acl_column_grants":"0","Com_replace_select":"0","Com_revoke":"0","Com_drop_event":"0","Slave_open_temp_tables":"0","wsrep_local_bf_aborts":"0","Aria_pagecache_blocks_unused":"15635","Acl_procedure_grants":"0","Ssl_ctx_verify_depth":"18446744073709551615","Open_streams":"4","Tc_log_max_pages_used":"0","wsrep_provider_version":"","Not_flushed_delayed_rows":"0","Com_checksum":"0","Com_show_create_user":"0","Innodb_undo_truncations":"0","Ssl_server_not_before":"Mar 23 16:38:07 2023 GMT","Com_alter_function":"0","Acl_table_grants":"1","Com_check":"0","Innodb_secondary_index_triggered_cluster_reads_avoided":"0","Innodb_background_log_sync":"54","Com_admin_commands":"1","Qcache_not_cached":"0","Opened_views":"1","Com_do":"0","Com_revoke_role":"0","Innodb_have_snappy":"OFF","Com_insert":"168","Com_show_engine_logs":"0","Queries":"216","Ssl_connect_renegotiates":"0","Handler_read_rnd_deleted":"0","Com_backup":"0","Connection_errors_peer_address":"0","Acl_database_grants":"2"},"Network":{"Connected":"YES","External Ip":"  % Total    % Received % Xferd  Average Speed   Time    Time     Time  Current,                                  Dload  Upload   Total   Spent    Left  Speed, \r  0     0    0     0    0     0      0      0 --:--:-- --:--:-- --:--:--     0\r  0     0    0     0    0     0      0      0 --:--:-- --:--:-- --:--:--     0\r100    13  100    13    0     0    131      0 --:--:-- --:--:-- --:--:--   131, 13.88.100.112","Internal Ip":"docker0: flags=4099<UP,BROADCAST,MULTICAST>  mtu 1500\n        inet 172.17.0.1  netmask 255.255.0.0  broadcast 172.17.255.255\n--\neth0: flags=4163<UP,BROADCAST,RUNNING,MULTICAST>  mtu 1500\n        inet 10.1.0.25  netmask 255.255.0.0  broadcast 10.1.255.255\n--\nlo: flags=73<UP,LOOPBACK,RUNNING>  mtu 65536\n        inet 127.0.0.1  netmask 255.0.0.0\n"},"MySQL Client":{"Server version":"5.5.5-10.7.8-MariaDB shogo82148/actions-setup-mysql@v1.15.0","Connection":"localhost via TCP/IP","Version":"10.7.8","Authentication Info":"-u root -p'root'  --protocol=tcp","Server characterset":"latin1","Protocol version":"10","Current user":"root@localhost","Client characterset":"latin1","SSL":"Cipher in use is TLS_AES_256_GCM_SHA384","Conn.  characterset":"latin1","Uptime":"54 sec","Admin Path":"/usr/bin/mysqladmin","Db     characterset":"latin1","Client Path":"/usr/bin/mysql","Current database":"","TCP port":"3306"},"MySQLTuner":{"datetime":"23-03-2023 16:39:00\n","options":{"dbstat":1,"buffers":"1","template":"0","sysstat":1,"password":0,"tbstat":1,"skipsize":"0","user":"root","defaults-extra-file":"","port":3306,"colstat":0,"bannedports":"","nobad":0,"outputfile":"0","idxstat":1,"updateversion":0,"protocol":"tcp","nopfstat":0,"json":"1","nodbstat":0,"cvefile":"./vulnerabilities.csv","server-log":"","forcemem":0,"noprocess":0,"maxportallowed":0,"reportfile":"0","defaults-file":"","prettyjson":0,"checkversion":"1","pfstat":1,"nocolstat":0,"pass":"root","passwordfile":"0","nocolor":1,"color":0,"host":"127.0.0.1","silent":0,"socket":"0","ssl-ca":"0","forceswap":0,"noask":0,"debug":0,"nogood":0,"skippassword":"0","dumpdir":"/home/runner/work/MySQLTuner-perl/MySQLTuner-perl/examples/github/result/mariadb/10.7","noinfo":0,"noidxstat":0,"nosysstat":0,"notbstat":0,"verbose":1},"version":"2.1.1"},"Storage Engines":{"memory":"YES","myisam":"YES","innodb":"DEFAULT","performance_schema":"YES","aria":"YES","csv":"YES","mrg_myisam":"YES","sequence":"YES"},"Variables":{"performance_schema_session_connect_attrs_size":"-1","performance_schema_events_statements_history_size":"-1","innodb_max_undo_log_size":"10485760","performance_schema_max_socket_instances":"-1","lc_time_names":"en_US","disconnect_on_expired_password":"OFF","wsrep_mode":"","tmp_disk_table_size":"18446744073709551615","binlog_optimize_thread_scheduling":"ON","performance_schema_max_file_handles":"32768","innodb_log_file_size":"100663296","large_files_support":"ON","have_crypt":"YES","aria_max_sort_file_size":"9223372036853727232","log_error":"","delayed_insert_timeout":"300","log_slow_verbosity":"","net_read_timeout":"30","performance_schema_max_table_handles":"-1","innodb_ft_total_cache_size":"640000000","wsrep_dirty_reads":"OFF","max_user_connections":"0","replicate_do_table":"","performance_schema_max_cond_instances":"-1","tcp_nodelay":"ON","version_compile_os":"Linux","pseudo_slave_mode":"OFF","max_relay_log_size":"1073741824","thread_cache_size":"151","wsrep_causal_reads":"OFF","innodb_stats_persistent":"ON","innodb_buffer_pool_dump_at_shutdown":"ON","eq_range_index_dive_limit":"200","wsrep_debug":"NONE","deadlock_search_depth_long":"15","gtid_binlog_pos":"","wsrep_load_data_splitting":"OFF","column_compression_zlib_level":"6","innodb_force_recovery":"0","explicit_defaults_for_timestamp":"OFF","secure_file_priv":"","core_file":"OFF","aria_sync_log_dir":"NEWFILE","init_connect":"","version_malloc_library":"system","default_password_lifetime":"0","have_threadpool":"NO","last_gtid":"","skip_replication":"OFF","max_sort_length":"1024","slave_exec_mode":"STRICT","histogram_size":"254","idle_readonly_transaction_timeout":"0","key_cache_division_limit":"100","max_rowid_filter_size":"131072","thread_pool_oversubscribe":"3","thread_stack":"299008","use_stat_tables":"PREFERABLY_FOR_QUERIES","binlog_commit_wait_usec":"100000","foreign_key_checks":"ON","read_only":"OFF","myisam_recover_options":"BACKUP,QUICK","back_log":"80","max_binlog_size":"1073741824","wsrep_sst_method":"rsync","character_set_client":"latin1","standard_compliant_cte":"ON","slave_run_triggers_for_rbr":"NO","transaction_prealloc_size":"4096","optimizer_trace_max_mem_size":"1048576","performance_schema_events_waits_history_size":"-1","innodb_purge_batch_size":"300","have_profiling":"YES","wsrep_trx_fragment_size":"0","aria_pagecache_division_limit":"100","innodb_open_files":"2000","performance_schema_max_stage_classes":"160","aria_stats_method":"nulls_unequal","wsrep_sst_auth":"","innodb_flush_log_at_trx_commit":"1","warning_count":"0","pseudo_thread_id":"9","slave_compressed_protocol":"OFF","host_cache_size":"279","innodb_encryption_rotate_key_age":"1","innodb_monitor_reset_all":"","max_connections":"151","column_compression_threshold":"100","performance_schema_max_table_lock_stat":"-1","slave_skip_errors":"OFF","performance_schema_max_statement_stack":"10","aria_repair_threads":"1","ssl_capath":"","gtid_ignore_duplicates":"OFF","have_performance_schema":"YES","innodb_ft_user_stopword_table":"","binlog_file_cache_size":"16384","have_ssl":"YES","sql_quote_show_create":"ON","local_infile":"ON","performance_schema_events_statements_history_long_size":"-1","innodb_data_file_path":"ibdata1:12M:autoextend","aria_pagecache_age_threshold":"300","wsrep_trx_fragment_unit":"bytes","max_seeks_for_key":"4294967295","innodb_ft_cache_size":"8000000","innodb_ft_enable_stopword":"ON","basedir":"/opt/hostedtoolcache/mariadb/10.7.8/x64/","aria_force_start_after_recovery_failures":"0","idle_transaction_timeout":"0","query_cache_min_res_unit":"4096","lc_messages_dir":"/opt/hostedtoolcache/mariadb/10.7.8/x64/share","metadata_locks_cache_size":"1024","max_heap_table_size":"16777216","thread_pool_dedicated_listener":"OFF","have_myisam":"YES","performance_schema_events_waits_history_long_size":"-1","insert_id":"0","default_regex_flags":"","low_priority_updates":"OFF","log_queries_not_using_indexes":"OFF","innodb_stats_transient_sample_pages":"8","log_bin_compress_min_len":"256","wsrep_provider_options":"","myisam_data_pointer_size":"6","performance_schema_setup_objects_size":"-1","wsrep_convert_lock_to_trx":"OFF","encrypt_tmp_files":"OFF","flush":"OFF","slow_query_log_file":"fv-az577-468-slow.log","innodb_fast_shutdown":"1","session_track_state_change":"OFF","interactive_timeout":"28800","net_retry_count":"10","slow_launch_time":"2","sql_auto_is_null":"OFF","wsrep_sst_receive_address":"AUTO","character_set_server":"latin1","have_symlink":"YES","innodb_defragment_fill_factor":"0.900000","preload_buffer_size":"32768","sql_if_exists":"OFF","character_set_system":"utf8mb3","slave_sql_verify_checksum":"ON","innodb_encryption_threads":"0","innodb_max_purge_lag":"0","aria_sort_buffer_size":"268434432","character_set_database":"latin1","slave_domain_parallel_threads":"0","innodb_doublewrite":"ON","max_statement_time":"0.000000","innodb_fill_factor":"100","innodb_encryption_rotation_iops":"100","collation_database":"latin1_swedish_ci","debug_no_thread_alarm":"OFF","ft_stopword_file":"(built-in)","profiling_history_size":"15","tcp_keepalive_probes":"0","big_tables":"OFF","wsrep_slave_uk_checks":"OFF","stored_program_cache":"256","innodb_compression_failure_threshold_pct":"5","ft_query_expansion_limit":"20","alter_algorithm":"DEFAULT","key_cache_age_threshold":"300","innodb_status_output":"OFF","key_cache_file_hash_size":"512","system_versioning_alter_history":"ERROR","innodb_ft_enable_diag_print":"OFF","skip_name_resolve":"OFF","max_session_mem_used":"9223372036854775807","connect_timeout":"10","max_insert_delayed_threads":"20","plugin_maturity":"gamma","tcp_keepalive_interval":"0","wsrep_node_address":"","last_insert_id":"0","default_storage_engine":"InnoDB","innodb_buffer_pool_instances":"1","performance_schema_users_size":"-1","innodb_use_atomic_writes":"ON","external_user":"","character_set_results":"latin1","slave_parallel_max_queued":"131072","rpl_semi_sync_slave_enabled":"OFF","log_bin_compress":"OFF","extra_max_connections":"1","replicate_events_marked_for_skip":"REPLICATE","session_track_schema":"ON","wsrep_gtid_mode":"OFF","innodb_max_purge_lag_wait":"4294967295","innodb_encrypt_tables":"OFF","replicate_do_db":"","innodb_flush_method":"O_DIRECT","innodb_support_xa":"ON","log_bin_index":"","wsrep_on":"OFF","innodb_purge_rseg_truncate_frequency":"128","aria_encrypt_tables":"OFF","innodb_version":"10.7.8","have_memory":"YES","wsrep_restart_slave":"OFF","innodb_write_io_threads":"4","rowid_merge_buff_size":"8388608","keep_files_on_create":"OFF","have_openssl":"YES","group_concat_max_len":"1048576","sql_select_limit":"18446744073709551615","delay_key_write":"ON","performance_schema_max_thread_instances":"-1","performance_schema_accounts_size":"-1","thread_pool_stall_limit":"500","innodb_buffer_pool_load_at_startup":"ON","autocommit":"ON","delayed_queue_size":"1000","binlog_row_metadata":"NO_LOG","max_write_lock_count":"4294967295","innodb_ft_min_token_size":"3","performance_schema_max_file_instances":"-1","innodb_io_capacity":"200","auto_increment_increment":"1","innodb_data_home_dir":"","lower_case_table_names":"0","wsrep_sync_wait":"0","large_pages":"OFF","performance_schema_events_stages_history_long_size":"-1","replicate_wild_ignore_table":"","aria_block_size":"8192","slave_transaction_retries":"10","sql_safe_updates":"OFF","have_geometry":"YES","bind_address":"*","innodb_ft_num_word_optimize":"2000","sql_log_bin":"ON","version_ssl_library":"OpenSSL 1.1.1t  7 Feb 2023","query_prealloc_size":"24576","innodb_io_capacity_max":"2000","log_slave_updates":"OFF","optimizer_switch":"index_merge=on,index_merge_union=on,index_merge_sort_union=on,index_merge_intersection=on,index_merge_sort_intersection=off,engine_condition_pushdown=off,index_condition_pushdown=on,derived_merge=on,derived_with_keys=on,firstmatch=on,loosescan=on,materialization=on,in_to_exists=on,semijoin=on,partial_match_rowid_merge=on,partial_match_table_scan=on,subquery_cache=on,mrr=off,mrr_cost_based=off,mrr_sort_keys=off,outer_join_with_cache=on,semijoin_with_cache=on,join_cache_incremental=on,join_cache_hashed=on,join_cache_bka=on,optimize_join_buffer_size=on,table_elimination=on,extended_keys=on,exists_to_in=on,orderby_uses_equalities=on,condition_pushdown_for_derived=on,split_materialized=on,condition_pushdown_for_subquery=on,rowid_filter=on,condition_pushdown_from_having=on,not_null_range_scan=off","skip_networking":"OFF","wsrep_mysql_replication_bundle":"0","performance_schema":"OFF","innodb_immediate_scrub_data_uncompressed":"OFF","innodb_buffer_pool_dump_now":"OFF","wsrep_certification_rules":"strict","wsrep_cluster_address":"","performance_schema_max_memory_classes":"320","innodb_max_dirty_pages_pct_lwm":"0.000000","read_buffer_size":"131072","rpl_semi_sync_master_trace_level":"32","version_source_revision":"bc656c4fa54c12ceabd857e8ae134f8979d82944","innodb_default_encryption_key_id":"1","thread_pool_prio_kickup_timer":"1000","sync_frm":"ON","join_cache_level":"2","innodb_undo_directory":"./","date_format":"%Y-%m-%d","system_time_zone":"UTC","thread_pool_size":"2","range_alloc_block_size":"4096","performance_schema_max_file_classes":"80","relay_log_recovery":"OFF","sql_log_off":"OFF","query_cache_type":"OFF","optimizer_search_depth":"62","have_csv":"YES","datetime_format":"%Y-%m-%d %H:%i:%s","innodb_old_blocks_time":"1000","in_transaction":"0","performance_schema_max_prepared_statements_instances":"-1","gtid_current_pos":"","error_count":"0","old_passwords":"OFF","innodb_read_only_compressed":"OFF","innodb_instant_alter_column_allowed":"add_drop_reorder","innodb_adaptive_hash_index_parts":"8","innodb_stats_persistent_sample_pages":"20","performance_schema_max_rwlock_instances":"-1","log_output":"FILE","gtid_binlog_state":"","datadir":"/tmp/actions-setup-mysql-jw3hVK/var/","log_tc_size":"24576","innodb_temp_data_file_path":"ibtmp1:12M:autoextend","license":"GPL","ssl_crlpath":"","skip_show_database":"OFF","character_sets_dir":"/opt/hostedtoolcache/mariadb/10.7.8/x64/share/charsets/","aria_pagecache_buffer_size":"134217728","default_week_format":"0","aria_log_purge_type":"immediate","lc_messages":"en_US","wsrep_gtid_domain_id":"0","protocol_version":"10","pid_file":"/tmp/actions-setup-mysql-jw3hVK/tmp/mysqld.pid","wsrep_gtid_seq_no":"0","slow_query_log":"OFF","default_tmp_storage_engine":"","optimizer_prune_level":"1","max_binlog_stmt_cache_size":"18446744073709547520","have_aria":"YES","key_cache_segments":"0","wsrep_recover":"OFF","read_binlog_speed_limit":"0","max_recursive_iterations":"1000","relay_log_info_file":"relay-log.info","sql_buffer_result":"OFF","innodb_default_row_format":"dynamic","max_length_for_sort_data":"1024","innodb_max_dirty_pages_pct":"90.000000","innodb_adaptive_flushing":"ON","thread_pool_idle_timeout":"60","wsrep_cluster_name":"my_wsrep_cluster","innodb_defragment_fill_factor_n_recs":"20","ignore_builtin_innodb":"OFF","performance_schema_setup_actors_size":"-1","gtid_strict_mode":"OFF","thread_pool_priority":"auto","relay_log_index":"","relay_log_basename":"","wsrep_provider":"none","have_sequence":"YES","max_password_errors":"4294967295","wsrep_log_conflicts":"OFF","hostname":"fv-az577-468","join_buffer_space_limit":"2097152","column_compression_zlib_wrap":"OFF","performance_schema_max_mutex_classes":"210","innodb_log_write_ahead_size":"8192","sync_relay_log":"10000","storage_engine":"InnoDB","general_log_file":"fv-az577-468.log","session_track_transaction_info":"OFF","innodb_log_buffer_size":"16777216","innodb_buf_dump_status_frequency":"0","wait_timeout":"28800","innodb_monitor_disable":"","proxy_protocol_networks":"","binlog_expire_logs_seconds":"0","relay_log_space_limit":"0","innodb_tmpdir":"","innodb_purge_threads":"4","innodb_read_only":"OFF","innodb_read_io_threads":"4","sql_mode":"STRICT_TRANS_TABLES,ERROR_FOR_DIVISION_BY_ZERO,NO_AUTO_CREATE_USER,NO_ENGINE_SUBSTITUTION","performance_schema_max_socket_classes":"10","max_digest_length":"1024","ft_boolean_syntax":"+ -><()~*:\"\"&|","innodb_stats_on_metadata":"OFF","userstat":"OFF","wsrep_osu_method":"TOI","transaction_alloc_block_size":"8192","tmpdir":"/tmp/actions-setup-mysql-jw3hVK/tmp","performance_schema_events_transactions_history_long_size":"-1","old_mode":"UTF8_IS_UTF8MB3","replicate_wild_do_table":"","server_id":"1","innodb_lru_flush_size":"32","performance_schema_events_stages_history_size":"-1","query_cache_size":"1048576","ssl_cert":"/tmp/actions-setup-mysql-jw3hVK/var/server-cert.pem","wsrep_node_name":"fv-az577-468","log_slow_filter":"admin,filesort,filesort_on_disk,filesort_priority_queue,full_join,full_scan,query_cache,query_cache_miss,tmp_table,tmp_table_on_disk","completion_type":"NO_CHAIN","aria_group_commit_interval":"0","check_constraint_checks":"ON","column_compression_zlib_strategy":"DEFAULT_STRATEGY","extra_port":"0","updatable_views_with_limit":"YES","myisam_block_size":"1024","wsrep_forced_binlog_format":"NONE","innodb_read_ahead_threshold":"56","innodb_adaptive_flushing_lwm":"10.000000","net_buffer_length":"16384","innodb_disable_sort_file_cache":"OFF","performance_schema_max_sql_text_length":"1024","innodb_force_primary_key":"OFF","tx_read_only":"OFF","long_query_time":"10.000000","aria_recover_options":"BACKUP,QUICK","ssl_cipher":"","innodb_flush_sync":"ON","rpl_semi_sync_master_enabled":"OFF","flush_time":"0","gtid_cleanup_batch_size":"64","ft_max_word_len":"84","old_alter_table":"DEFAULT","optimizer_trace":"enabled=off","innodb_lru_scan_depth":"1536","max_connect_errors":"100","innodb_buffer_pool_dump_pct":"25","innodb_flush_log_at_timeout":"1","performance_schema_max_metadata_locks":"-1","innodb_rollback_on_timeout":"OFF","metadata_locks_hash_instances":"8","myisam_mmap_size":"18446744073709551615","socket":"/tmp/actions-setup-mysql-jw3hVK/tmp/mysql.sock","innodb_ft_max_token_size":"84","log_bin":"OFF","slave_parallel_workers":"0","innodb_lock_wait_timeout":"50","master_verify_checksum":"OFF","replicate_ignore_db":"","innodb_status_output_locks":"OFF","collation_server":"latin1_swedish_ci","log_warnings":"2","binlog_format":"MIXED","innodb_undo_tablespaces":"0","session_track_system_variables":"autocommit,character_set_client,character_set_connection,character_set_results,time_zone","table_open_cache":"2000","slave_ddl_exec_mode":"IDEMPOTENT","innodb_optimize_fulltext_only":"OFF","delayed_insert_limit":"100","wsrep_notify_cmd":"","aria_checkpoint_interval":"30","sql_warnings":"OFF","replicate_annotate_row_events":"ON","innodb_encrypt_temporary_tables":"OFF","innodb_buffer_pool_filename":"ib_buffer_pool","wsrep_slave_fk_checks":"ON","deadlock_timeout_short":"10000","system_versioning_asof":"DEFAULT","gtid_slave_pos":"","aria_log_file_size":"1073741824","deadlock_timeout_long":"50000000","innodb_stats_traditional":"ON","wsrep_max_ws_rows":"0","innodb_change_buffering":"none","aria_group_commit":"none","innodb_table_locks":"ON","innodb_stats_auto_recalc":"ON","wsrep_reject_queries":"NONE","binlog_row_image":"FULL","innodb_cmp_per_index_enabled":"OFF","innodb_monitor_enable":"","performance_schema_max_rwlock_classes":"50","wsrep_desync":"OFF","wsrep_retry_autocommit":"1","key_cache_block_size":"1024","bulk_insert_buffer_size":"8388608","plugin_dir":"/opt/hostedtoolcache/mariadb/10.7.8/x64/lib/plugin/","log_slow_slave_statements":"ON","wsrep_auto_increment_control":"ON","rpl_semi_sync_slave_delay_master":"OFF","init_slave":"","innodb_sort_buffer_size":"1048576","innodb_old_blocks_pct":"37","ignore_db_dirs":"","concurrent_insert":"AUTO","optimizer_use_condition_selectivity":"4","wsrep_max_ws_size":"2147483647","report_port":"3306","analyze_sample_percentage":"100.000000","innodb_buffer_pool_size":"134217728","gtid_domain_id":"0","ssl_key":"/tmp/actions-setup-mysql-jw3hVK/var/server-key.pem","time_format":"%H:%i:%s","performance_schema_max_cond_classes":"90","sql_big_selects":"ON","in_predicate_conversion_threshold":"1000","idle_write_transaction_timeout":"0","thread_pool_max_threads":"65536","identity":"0","max_allowed_packet":"16777216","innodb_change_buffer_max_size":"25","innodb_online_alter_log_max_size":"134217728","general_log":"OFF","max_prepared_stmt_count":"16382","optimizer_selectivity_sampling_limit":"100","myisam_use_mmap":"OFF","wsrep_patch_version":"wsrep_26.22","innodb_undo_log_truncate":"OFF","myisam_stats_method":"NULLS_UNEQUAL","relay_log":"","innodb_buffer_pool_load_now":"OFF","query_cache_wlock_invalidate":"OFF","wsrep_certify_nonpk":"ON","wsrep_sst_donor_rejects_queries":"OFF","large_page_size":"0","have_dynamic_loading":"YES","innodb_monitor_reset":"","have_query_cache":"YES","innodb_ft_result_cache_limit":"2000000000","report_host":"","innodb_compression_level":"6","innodb_stats_include_delete_marked":"OFF","slave_transaction_retry_errors":"1158,1159,1160,1161,1205,1213,1429,2013,12701","innodb_ft_sort_pll_degree":"2","max_join_size":"18446744073709551615","query_cache_limit":"1048576","innodb_sync_spin_loops":"30","binlog_cache_size":"32768","sync_relay_log_info":"10000","character_set_filesystem":"binary","innodb_flushing_avg_loops":"30","aria_checkpoint_log_activity":"1048576","innodb_defragment_frequency":"40","secure_auth":"ON","slave_max_allowed_packet":"1073741824","innodb_buffer_pool_chunk_size":"134217728","have_galera":"NO","performance_schema_max_thread_classes":"50","sync_master_info":"10000","thread_handling":"one-thread-per-connection","innodb_adaptive_hash_index":"OFF","log_slow_admin_statements":"ON","expire_logs_days":"0.000000","innodb_defragment_n_pages":"7","tmp_table_size":"16777216","innodb_log_group_home_dir":"./","innodb_autoinc_lock_mode":"1","skip_parallel_replication":"OFF","event_scheduler":"OFF","auto_increment_offset":"1","innodb_deadlock_detect":"ON","tls_version":"TLSv1.1,TLSv1.2,TLSv1.3","slave_parallel_threads":"0","version":"10.7.8-MariaDB","open_files_limit":"32184","join_buffer_size":"262144","performance_schema_max_mutex_instances":"-1","innodb_compression_default":"OFF","":"180436960","net_write_timeout":"60","binlog_direct_non_transactional_updates":"OFF","wsrep_sr_store":"table","performance_schema_max_program_instances":"-1","binlog_checksum":"CRC32","table_open_cache_instances":"8","rpl_semi_sync_master_wait_no_slave":"ON","have_innodb":"YES","wsrep_start_position":"00000000-0000-0000-0000-000000000000:-1","performance_schema_max_digest_length":"1024","innodb_autoextend_increment":"64","binlog_commit_wait_count":"0","lower_case_file_system":"OFF","binlog_annotate_row_events":"ON","innodb_ft_server_stopword_table":"","report_user":"","max_tmp_tables":"32","performance_schema_max_table_instances":"-1","wsrep_slave_threads":"1","relay_log_purge":"ON","innodb_use_native_aio":"OFF","innodb_compression_pad_pct_max":"50","rpl_semi_sync_slave_trace_level":"32","innodb_strict_mode":"ON","query_cache_strip_comments":"OFF","mrr_buffer_size":"262144","slave_parallel_mode":"optimistic","innodb_log_files_in_group":"1","innodb_max_purge_lag_delay":"0","ssl_ca":"/tmp/actions-setup-mysql-jw3hVK/var/ca.pem","min_examined_row_limit":"0","div_precision_increment":"4","performance_schema_max_statement_classes":"221","table_definition_cache":"400","log_disabled_statements":"sp","_temporal_format":"ON","secure_timestamp":"NO","old":"OFF","rpl_semi_sync_slave_kill_conn_timeout":"5","collation_connection":"latin1_swedish_ci","report_password":"","timestamp":"1679589541.301673","rpl_semi_sync_master_wait_point":"AFTER_COMMIT","innodb_defragment":"OFF","myisam_max_sort_file_size":"9223372036853727232","init_file":"","optimizer_max_sel_arg_weight":"32000","gtid_seq_no":"0","innodb_stats_modified_counter":"0","log_bin_trust_function_creators":"OFF","histogram_type":"DOUBLE_PREC_HB","port":"3306","sql_notes":"ON","log_bin_basename":"","time_zone":"SYSTEM","version_compile_machine":"x86_64","innodb_ft_aux_table":"","innodb_checksum_algorithm":"full_crc32","ft_min_word_len":"4","deadlock_search_depth_short":"4","query_alloc_block_size":"16384","aria_page_checksum":"ON","wsrep_dbug_option":"","binlog_stmt_cache_size":"32768","innodb_buffer_pool_load_abort":"OFF","lock_wait_timeout":"86400","tcp_keepalive_time":"0","gtid_pos_auto_engines":"","performance_schema_digests_size":"-1","require_secure_transport":"OFF","innodb_fatal_semaphore_wait_threshold":"600","wsrep_sst_donor":"","max_binlog_cache_size":"18446744073709547520","max_delayed_threads":"20","have_compress":"YES","innodb_print_all_deadlocks":"OFF","slave_type_conversions":"","max_sp_recursion_depth":"0","wsrep_data_home_dir":"/tmp/actions-setup-mysql-jw3hVK/var/","default_master_connection":"","proxy_user":"","slave_transaction_retry_interval":"0","sort_buffer_size":"2097152","innodb_stats_method":"nulls_equal","log_slow_rate_limit":"1","rpl_semi_sync_master_timeout":"10000","innodb_random_read_ahead":"OFF","thread_pool_exact_stats":"OFF","locked_in_memory":"OFF","sql_slave_skip_counter":"0","encrypt_tmp_disk_tables":"OFF","performance_schema_max_index_stat":"-1","slave_net_timeout":"60","profiling":"OFF","innodb_file_per_table":"ON","innodb_page_size":"16384","tmp_memory_table_size":"16777216","key_buffer_size":"134217728","log_slow_disabled_statements":"sp","myisam_repair_threads":"1","slave_load_tmpdir":"/tmp/actions-setup-mysql-jw3hVK/tmp","unique_checks":"ON","ssl_crl":"","have_mrg_myisam":"YES","tx_isolation":"REPEATABLE-READ","enforce_storage_engine":"","encrypt_binlog":"OFF","automatic_sp_privileges":"ON","innodb_deadlock_report":"full","innodb_compression_algorithm":"zlib","wsrep_ignore_apply_errors":"7","have_rtree_keys":"YES","_workaround":"OFF","aria_pagecache_file_hash_size":"512","myisam_sort_buffer_size":"134216704","innodb_encrypt_log":"OFF","sync_binlog":"0","read_rnd_buffer_size":"262144","aria_used_for_temp_tables":"ON","progress_report_time":"5","strict_password_validation":"ON","innodb_flush_neighbors":"1","innodb_prefix_index_cluster_optimization":"OFF","wsrep_node_incoming_address":"AUTO","innodb_defragment_stats_accuracy":"0","max_error_count":"64","performance_schema_events_transactions_history_size":"-1","character_set_connection":"latin1","skip_external_locking":"ON","expensive_subquery_limit":"100","version_comment":"shogo82148/actions-setup-mysql@v1.15.0","innodb_spin_wait_delay":"4","replicate_ignore_table":"","performance_schema_hosts_size":"-1"},"CVE":{"nb":0},"Performance_schema":{"memory":0,"pretty_memory":"0B"},"Engine":{"MRG_MyISAM":{"Enabled":"YES"},"MEMORY":{"Enabled":"YES"},"MyISAM":{"Enabled":"YES"},"InnoDB":{"Enabled":"DEFAULT","Table Number":"6","Data Size":"87228416","Total Size":"93044736","Index Size":"5816320"},"CSV":{"Enabled":"YES"},"SEQUENCE":{"Enabled":"YES"},"Aria":{"Enabled":"YES","Table Number":"1","Data Size":"16384","Total Size":"32768","Index Size":"16384"},"PERFORMANCE_SCHEMA":{"Enabled":"YES"}},"Filesystem":{"Space Pct":{"/mnt":"31","/boot/efi":"6"},"Used Space":{"/boot/efi":"6182","/mnt":"4194336"},"Inode Pct":{"/mnt":"1","/":"10"},"Total Space":{"/mnt":"14341128","/boot/efi":"106858"},"Free Space":{"/mnt":"9396508","/boot/efi":"100677"}},"Indexes":{"PRIMARY(from_date)":{"Number of column":"3","Column":"employees.titles","Row number":"441832","Sequence number":"3","Index Type":"BTREE","Selectivity":"100.00","Cardinality":"441832"},"PRIMARY(emp_no)":{"Sequence number":"1","Number of column":"1","Row number":"299866","Column":"employees.employees","Index Type":"BTREE","Selectivity":"100.00","Cardinality":"299866"},"dept_no(dept_no)":{"Cardinality":"24","Index Type":"BTREE","Selectivity":"100.00","Number of column":"1","Column":"employees.dept_manager","Row number":"24","Sequence number":"1"},"PRIMARY(dept_no)":{"Row number":"331570","Column":"employees.dept_emp","Number of column":"2","Sequence number":"2","Cardinality":"331570","Selectivity":"100.00","Index Type":"BTREE"},"PRIMARY(title)":{"Column":"employees.titles","Row number":"441832","Number of column":"3","Sequence number":"2","Index Type":"BTREE","Selectivity":"100.00","Cardinality":"441832"}},"Recommendations":["setup swappiness lower or equals to 10","setup Max running number events greater than 1M","Remove Anonymous User accounts - there are 2 anonymous accounts.","Set up a Secure Password for 'root'@'localhost' user: SET PASSWORD FOR 'root'@'localhost' = PASSWORD('secure_password');","Set up a Secure Password for root@localhost user: SET PASSWORD FOR 'root'@'localhost' = PASSWORD('secure_password');","1 user(s) used basic or weak password from basic dictionary.","MySQL was started within the last 24 hours: recommendations may be inaccurate","Configure your accounts with ip or subnets only, then update your configuration with skip-name-resolve=1","Performance schema should be activated for better diagnostics","Before changing innodb_log_file_size and/or innodb_log_files_in_group read this: https://bit.ly/2TcGgtU"],"Databases":{"employees":{"Rows":"3915288","Index Pct":"6.25%","Total Size":"93044736","Collations":"1","Data Size":"87228416","Index Size":"5816320","Data Pct":"93.75%","Tables":"8"},"All databases":{"Data Size":"87228416","Data Pct":"93.75%","Index Size":"5816320","Rows":"3915288","Total Size":"93044736","Index Pct":"6.25%"},"List":["data","employees","information_schema","mysql","performance_schema","sys","test"]}}