{"Storage Engines":{"sequence":"YES","innodb":"DEFAULT","aria":"YES","csv":"YES","performance_schema":"YES","memory":"YES","myisam":"YES","mrg_myisam":"YES"},"Engine":{"Aria":{"Enabled":"YES"},"MyISAM":{"Enabled":"YES"},"SEQUENCE":{"Enabled":"YES"},"MRG_MyISAM":{"Enabled":"YES"},"InnoDB":{"Data Size":"148111360","Index Size":"5816320","Enabled":"DEFAULT","Table Number":"6","Total Size":"153927680"},"MEMORY":{"Enabled":"YES"},"CSV":{"Enabled":"YES"},"PERFORMANCE_SCHEMA":{"Enabled":"YES"}},"CVE":{"nb":0},"Replication":{"Status":{}},"PctAutoIncrement":{"mysql.time_zone":"0.00"},"Indexes":{"PRIMARY(dept_no)":{"Row number":"24","Cardinality":"24","Number of column":"2","Sequence number":"2","Selectivity":"100.00","Index Type":"BTREE","Column":"employees.dept_manager"},"PRIMARY(title)":{"Number of column":"3","Cardinality":"442129","Row number":"442129","Sequence number":"2","Selectivity":"100.00","Column":"employees.titles","Index Type":"BTREE"},"PRIMARY(from_date)":{"Index Type":"BTREE","Column":"employees.titles","Selectivity":"100.00","Sequence number":"3","Row number":"442129","Cardinality":"442129","Number of column":"3"},"PRIMARY(emp_no)":{"Index Type":"BTREE","Column":"employees.dept_manager","Selectivity":"100.00","Sequence number":"1","Row number":"24","Number of column":"2","Cardinality":"24"},"dept_no(dept_no)":{"Row number":"24","Cardinality":"24","Number of column":"1","Sequence number":"1","Selectivity":"100.00","Index Type":"BTREE","Column":"employees.dept_manager"}},"Network":{"Connected":"YES","Internal Ip":"docker0: flags=4099<UP,BROADCAST,MULTICAST>  mtu 1500\n        inet 172.17.0.1  netmask 255.255.0.0  broadcast 172.17.255.255\n--\neth0: flags=4163<UP,BROADCAST,RUNNING,MULTICAST>  mtu 1500\n        inet 10.1.0.242  netmask 255.255.0.0  broadcast 10.1.255.255\n--\nlo: flags=73<UP,LOOPBACK,RUNNING>  mtu 65536\n        inet 127.0.0.1  netmask 255.0.0.0\n","External Ip":"  % Total    % Received % Xferd  Average Speed   Time    Time     Time  Current,                                  Dload  Upload   Total   Spent    Left  Speed, \r  0     0    0     0    0     0      0      0 --:--:-- --:--:-- --:--:--     0\r100    11  100    11    0     0    108      0 --:--:-- --:--:-- --:--:--   108, 13.73.36.87"},"Galera":{"GCache":{"pretty_memory":"0B","memory":"0"}},"MaxInt":"18446744073709551615","Tables":{"Fragmented tables":[]},"Status":{"Com_xa_commit":"0","wsrep_cluster_state_uuid":"","Table_open_cache_misses":"28","Com_drop_package":"0","Opened_tables":"27","Performance_schema_locker_lost":"0","Com_xa_end":"0","Open_files":"28","Acl_database_grants":"2","Performance_schema_thread_classes_lost":"0","Com_show_events":"0","Qcache_free_blocks":"1","Delayed_errors":"0","Executed_triggers":"0","Com_insert":"168","Slave_running":"OFF","Com_drop_view":"0","Handler_rollback":"0","Com_show_package_body_status":"0","Aria_pagecache_blocks_not_flushed":"1","Aria_pagecache_blocks_used":"12","Com_signal":"0","Innodb_data_fsyncs":"1025","Slow_queries":"0","Connection_errors_internal":"0","Innodb_buffer_pool_load_status":"Buffer pool(s) load completed at 230323 16:38:03","Com_xa_recover":"0","Innodb_defragment_failures":"0","Rpl_semi_sync_master_wait_pos_backtraverse":"0","Com_xa_start":"0","Innodb_encryption_num_key_requests":"0","Com_do":"0","Com_create_view":"2","Innodb_encryption_rotation_pages_read_from_cache":"0","Delete_scan":"0","Table_open_cache_overflows":"0","Com_show_storage_engines":"0","Rpl_transactions_multi_engine":"0","Com_execute_immediate":"0","Innodb_data_writes":"14840","Key_writes":"0","Com_lock_tables":"0","Max_statement_time_exceeded":"0","Com_compound_sql":"0","Innodb_scrub_log":"0","Innodb_num_pages_page_compressed":"0","Acl_proxy_users":"2","Cpu_time":"0.000000","Innodb_row_lock_waits":"0","wsrep_cluster_conf_id":"18446744073709551615","Com_delete_multi":"0","Com_show_create_func":"0","Com_show_create_proc":"0","Com_get_diagnostics":"0","Innodb_data_pending_writes":"0","Innodb_system_rows_read":"0","Innodb_data_reads":"1416","Com_update":"0","Connection_errors_tcpwrap":"0","Com_show_charsets":"0","Innodb_scrub_background_page_splits":"0","Rpl_semi_sync_slave_status":"OFF","Slave_received_heartbeats":"0","Rpl_semi_sync_master_net_waits":"0","Connection_errors_select":"0","Innodb_num_pages_page_compression_error":"0","Open_tables":"20","Tc_log_page_size":"0","Innodb_onlineddl_rowlog_pct_used":"0","Innodb_page_size":"16384","Com_stmt_send_long_data":"0","Handler_mrr_init":"0","Binlog_cache_disk_use":"0","Binlog_group_commits":"0","Innodb_buffer_pool_read_ahead_rnd":"0","Slave_connections":"0","Syncs":"30","Com_checksum":"0","Slave_retried_transactions":"0","Ssl_cipher_list":"TLS_AES_256_GCM_SHA384:TLS_CHACHA20_POLY1305_SHA256:TLS_AES_128_GCM_SHA256:ECDHE-ECDSA-AES256-GCM-SHA384:ECDHE-RSA-AES256-GCM-SHA384:DHE-RSA-AES256-GCM-SHA384:ECDHE-ECDSA-CHACHA20-POLY1305:ECDHE-RSA-CHACHA20-POLY1305:DHE-RSA-CHACHA20-POLY1305:ECDHE-ECDSA-AES128-GCM-SHA256:ECDHE-RSA-AES128-GCM-SHA256:DHE-RSA-AES128-GCM-SHA256:ECDHE-ECDSA-AES256-SHA384:ECDHE-RSA-AES256-SHA384:DHE-RSA-AES256-SHA256:ECDHE-ECDSA-AES128-SHA256:ECDHE-RSA-AES128-SHA256:DHE-RSA-AES128-SHA256:ECDHE-ECDSA-AES256-SHA:ECDHE-RSA-AES256-SHA:DHE-RSA-AES256-SHA:ECDHE-ECDSA-AES128-SHA:ECDHE-RSA-AES128-SHA:DHE-RSA-AES128-SHA:RSA-PSK-AES256-GCM-SHA384:DHE-PSK-AES256-GCM-SHA384:RSA-PSK-CHACHA20-POLY1305:DHE-PSK-CHACHA20-POLY1305:ECDHE-PSK-CHACHA20-POLY1305:AES256-GCM-SHA384:PSK-AES256-GCM-SHA384:PSK-CHACHA20-POLY1305:RSA-PSK-AES128-GCM-SHA256:DHE-PSK-AES128-GCM-SHA256:AES128-GCM-SHA256:PSK-AES128-GCM-SHA256:AES256-SHA256:AES128-SHA256:ECDHE-PSK-AES256-CBC-SHA384:ECDHE-PSK-AES256-CBC-SHA:SRP-RSA-AES-256-CBC-SHA:SRP-AES-256-CBC-SHA:RSA-PSK-AES256-CBC-SHA384:DHE-PSK-AES256-CBC-SHA384:RSA-PSK-AES256-CBC-SHA:DHE-PSK-AES256-CBC-SHA:AES256-SHA:PSK-AES256-CBC-SHA384:PSK-AES256-CBC-SHA:ECDHE-PSK-AES128-CBC-SHA256:ECDHE-PSK-AES128-CBC-SHA:SRP-RSA-AES-128-CBC-SHA:SRP-AES-128-CBC-SHA:RSA-PSK-AES128-CBC-SHA256:DHE-PSK-AES128-CBC-SHA256:RSA-PSK-AES128-CBC-SHA:DHE-PSK-AES128-CBC-SHA:AES128-SHA:PSK-AES128-CBC-SHA256:PSK-AES128-CBC-SHA","Select_full_join":"0","Innodb_encryption_rotation_pages_flushed":"0","Com_load":"0","Acl_package_body_grants":"0","Handler_read_key":"65","Handler_external_lock":"0","Com_show_keys":"0","Empty_queries":"0","Com_alter_event":"0","Com_flush":"1","Innodb_buffer_pool_pages_misc":"2141","Com_alter_sequence":"0","Com_create_procedure":"0","Innodb_encryption_rotation_pages_read_from_disk":"0","Com_show_procedure_status":"0","Open_table_definitions":"27","Com_show_create_user":"0","Com_resignal":"0","Select_scan":"7","Com_change_db":"1","Com_show_engine_mutex":"0","Opened_files":"100","Innodb_pages_written":"14254","Rpl_status":"AUTH_MASTER","Handler_read_rnd":"0","wsrep_rollbacker_thread_count":"0","Feature_application_time_periods":"0","Performance_schema_digest_lost":"0","Rpl_semi_sync_master_no_tx":"0","Com_alter_procedure":"0","Com_show_contributors":"0","Ssl_session_cache_timeouts":"0","Innodb_encryption_n_merge_blocks_encrypted":"0","Aborted_clients":"0","wsrep_local_bf_aborts":"0","Key_write_requests":"0","Performance_schema_mutex_instances_lost":"0","Last_query_cost":"0.000000","Feature_custom_aggregate_functions":"0","Com_show_privileges":"0","Rpl_semi_sync_master_wait_sessions":"0","Com_show_tables":"0","Com_create_function":"0","Connections":"17","Com_show_generic":"0","Ssl_session_cache_size":"128","Com_backup":"0","Com_drop_server":"0","Com_show_profile":"0","Innodb_buffer_pool_load_incomplete":"OFF","Innodb_page_compression_saved":"0","Handler_read_rnd_next":"1862","Innodb_row_lock_current_waits":"0","Performance_schema_mutex_classes_lost":"0","Feature_delay_key_write":"0","Com_alter_tablespace":"0","Qcache_not_cached":"0","Created_tmp_disk_tables":"0","Performance_schema_statement_classes_lost":"0","Table_locks_waited":"0","Acl_function_grants":"0","Ssl_connect_renegotiates":"0","Performance_schema_cond_classes_lost":"0","Feature_trigger":"0","Aria_pagecache_read_requests":"17","wsrep_local_index":"18446744073709551615","Rpl_semi_sync_master_net_wait_time":"0","Ssl_verify_depth":"18446744073709551615","wsrep_cluster_status":"Disconnected","Com_alter_function":"0","Com_set_option":"3","Innodb_encryption_n_temp_blocks_decrypted":"0","Binlog_bytes_written":"0","Innodb_row_lock_time_max":"0","Queries":"216","Qcache_inserts":"0","Innodb_num_pages_encrypted":"0","Com_stmt_close":"0","Created_tmp_tables":"7","Com_backup_lock":"0","Com_show_create_package":"0","Com_stop_slave":"0","Com_show_fields":"0","Com_show_create_trigger":"0","Com_admin_commands":"1","Ssl_session_cache_misses":"0","Bytes_sent":"73854","Com_drop_index":"0","Com_show_warnings":"0","wsrep_cluster_size":"0","Com_create_server":"0","Acl_table_grants":"1","Handler_icp_attempts":"0","Ssl_default_timeout":"7200","Innodb_buffer_pool_pages_flushed":"14254","Ssl_server_not_before":"Mar 23 16:38:03 2023 GMT","Threads_running":"6","Innodb_have_lzma":"ON","Innodb_onlineddl_pct_progress":"0","Handler_commit":"171","Open_streams":"0","wsrep_provider_name":"","Com_create_temporary_table":"0","Com_alter_server":"0","Innodb_scrub_background_page_split_failures_underflow":"0","Compression":"OFF","Innodb_log_waits_computed":0,"Handler_icp_match":"0","Handler_mrr_key_refills":"0","Handler_read_last":"0","Performance_schema_table_handles_lost":"0","Innodb_buffer_pool_dump_status":"","Rpl_semi_sync_master_yes_tx":"0","Key_blocks_unused":"107163","Com_show_engine_status":"0","Com_reset":"0","Select_range_check":"0","Com_execute_sql":"0","Rpl_semi_sync_master_tx_wait_time":"0","Ssl_accept_renegotiates":"0","Select_full_range_join":"0","Threadpool_threads":"0","Acl_roles":"0","Performance_schema_session_connect_attrs_lost":"0","Slave_open_temp_tables":"0","Innodb_encryption_n_rowlog_blocks_decrypted":"0","Handler_update":"1","Com_empty_query":"0","Innodb_buffer_pool_bytes_dirty":"2359296","Com_alter_db_upgrade":"0","Com_create_user":"0","Com_stmt_reset":"0","Com_prepare_sql":"0","Innodb_encryption_n_temp_blocks_encrypted":"0","Key_blocks_used":"0","Qcache_queries_in_cache":"0","Threads_connected":"1","Com_stmt_execute":"0","Com_alter_table":"0","Com_create_udf":"0","Com_create_table":"6","Com_unlock_tables":"0","Com_replace":"0","Binlog_commits":"0","Ssl_server_not_after":"Mar 20 16:38:03 2033 GMT","Transactions_gtid_foreign_engine":"0","Ssl_accepts":"6","wsrep_cluster_capabilities":"","Com_show_databases":"0","Innodb_num_pages_decrypted":"0","Aborted_connects":"0","Feature_dynamic_columns":"0","Connection_errors_peer_address":"0","Uptime":"60","Com_create_event":"0","Transactions_multi_engine":"0","Handler_tmp_update":"0","Innodb_num_open_files":"14","Feature_locale":"0","Performance_schema_users_lost":"0","Innodb_pages_read":"1400","Com_drop_db":"1","Connection_errors_max_connections":"0","Innodb_encryption_rotation_estimated_iops":"0","Innodb_rows_updated":"0","Innodb_available_undo_logs":"128","Acl_column_grants":"0","Innodb_os_log_fsyncs":"314","Aborted_connects_preauth":"0","Com_show_status":"2","Not_flushed_delayed_rows":"0","Innodb_buffer_pool_reads":"633","wsrep_ready":"OFF","Com_show_create_table":"0","Com_optimize":"0","Innodb_log_write_requests":"734137","Sort_range":"0","Feature_check_constraint":"1","Questions":"216","Com_show_slave_hosts":"0","Com_grant":"0","Rpl_semi_sync_master_no_times":"0","Innodb_defragment_count":"0","Feature_window_functions":"0","Column_decompressions":"0","Com_show_function_status":"0","Access_denied_errors":"0","Com_start_all_slaves":"0","Busy_time":"0.000000","Innodb_num_pages_page_decompressed":"0","Com_create_index":"0","Com_savepoint":"0","Ssl_version":"TLSv1.3","Com_stmt_fetch":"0","Aria_pagecache_writes":"0","Performance_schema_file_instances_lost":"0","Slave_heartbeat_period":"0.000","Innodb_system_rows_updated":"0","Innodb_encryption_rotation_pages_modified":"0","Com_delete":"0","Handler_discover":"0","Com_update_multi":"0","Com_show_binlog_events":"0","Key_blocks_not_flushed":"0","Ssl_finished_connects":"0","Handler_write":"3919015","Binlog_stmt_cache_disk_use":"0","Rpl_semi_sync_master_timefunc_failures":"0","Com_show_package_status":"0","Ssl_finished_accepts":"6","Com_drop_temporary_table":"0","Com_alter_user":"0","Innodb_truncated_status_writes":"0","Binlog_group_commit_trigger_timeout":"0","Ssl_session_cache_mode":"SERVER","Prepared_stmt_count":"0","Feature_gis":"0","wsrep_connected":"OFF","Com_check":"0","Innodb_num_page_compressed_trim_op":"0","Innodb_dblwr_pages_written":"14123","Handler_read_retry":"0","Performance_schema_thread_instances_lost":"0","Innodb_instant_alter_column":"0","Handler_read_rnd_deleted":"0","Tc_log_page_waits":"0","Qcache_lowmem_prunes":"0","Com_show_plugins":"0","Innodb_system_rows_deleted":"0","Qcache_free_memory":"1031320","Binlog_snapshot_position":"0","Rpl_semi_sync_master_net_avg_wait_time":"0","Threads_created":"1","Master_gtid_wait_count":"0","Delayed_insert_threads":"0","Performance_schema_table_instances_lost":"0","Opened_table_definitions":"32","Com_binlog":"0","Com_repair":"0","Innodb_buffer_pool_read_ahead_evicted":"0","Rows_read":"13","Innodb_scrub_background_page_split_failures_missing_index":"0","Innodb_buffer_pool_resize_status":"","Com_select":"17","Com_rename_user":"0","Innodb_secondary_index_triggered_cluster_reads":"0","Binlog_cache_use":"0","Feature_subquery":"2","Opened_views":"1","Innodb_have_snappy":"OFF","Com_rename_table":"0","Com_show_open_tables":"0","Connection_errors_accept":"0","Innodb_os_log_pending_fsyncs":"0","Bytes_received":"172292397","Innodb_undo_truncations":"0","Com_drop_user":"0","Com_drop_procedure":"0","Com_stop_all_slaves":"0","Rpl_semi_sync_master_get_ack":"0","Performance_schema_socket_instances_lost":"0","Com_show_relaylog_events":"0","Memory_used":"275083032","Com_shutdown":"0","Innodb_onlineddl_rowlog_rows":"0","Rows_tmp_read":"1836","Innodb_secondary_index_triggered_cluster_reads_avoided":"0","Handler_tmp_write":"1839","Com_drop_role":"0","Com_create_package":"0","Innodb_buffer_pool_write_requests":"12220045","Com_uninstall_plugin":"0","Master_gtid_wait_time":"0","wsrep":"12342","Com_show_create_event":"0","Performance_schema_hosts_lost":"0","Com_create_sequence":"0","Sort_merge_passes":"0","Innodb_rows_inserted":"3919015","Slaves_connected":"0","Rows_sent":"1851","Binlog_snapshot_file":"","Innodb_data_read":"23022080","Com_show_engine_logs":"0","Acl_users":"7","Com_assign_to_keycache":"0","Performance_schema_rwlock_instances_lost":"0","Com_show_variables":"3","Com_release_savepoint":"0","Com_show_binlogs":"0","Created_tmp_files":"4","Com_help":"0","Performance_schema_file_classes_lost":"0","Feature_xml":"0","Com_create_trigger":"0","Feature_timezone":"0","Com_grant_role":"0","Com_show_create_db":"0","Aria_transaction_log_syncs":"1","Com_drop_trigger":"0","Rpl_semi_sync_master_clients":"0","Com_rollback":"0","Com_begin":"0","Innodb_buffer_pool_read_requests":"33326381","Sort_rows":"0","Performance_schema_stage_classes_lost":"0","Tc_log_max_pages_used":"0","Com_xa_rollback":"0","Com_commit":"0","Innodb_pages_created":"11725","Innodb_row_lock_time":"0","Innodb_buffer_pool_read_ahead":"768","Ssl_session_cache_overflows":"0","Qcache_total_blocks":"1","Innodb_scrub_background_page_reorganizations":"0","Innodb_scrub_background_page_split_failures_unknown":"0","Performance_schema_socket_classes_lost":"0","Innodb_rows_read":"0","Uptime_since_flush_status":"60","Ssl_verify_mode":"5","Innodb_have_lzo":"OFF","Ssl_sessions_reused":"0","Subquery_cache_hit":"0","Table_locks_immediate":"54","Com_truncate":"0","Innodb_defragment_compression_failures":"0","Handler_read_prev":"0","Rpl_semi_sync_slave_send_ack":"0","Slow_launch_threads":"0","Key_blocks_warm":"0","Feature_invisible_columns":"0","Com_revoke":"0","Innodb_log_writes":"310","Aria_pagecache_reads":"14","Performance_schema_file_handles_lost":"0","Acl_role_grants":"0","wsrep_provider_vendor":"","Ssl_ctx_verify_depth":"18446744073709551615","Com_revoke_role":"0","Key_read_requests":"0","Com_analyze":"0","Com_show_collations":"0","Com_insert_select":"0","Table_open_cache_hits":"201","Select_range":"0","Rpl_semi_sync_master_status":"OFF","Com_show_triggers":"0","Max_used_connections":"1","Com_preload_keys":"0","Ssl_callback_cache_hits":"0","Innodb_os_log_pending_writes":"0","Com_drop_package_body":"0","Innodb_log_waits":"0","Innodb_buffer_pool_pages_free":"1000","Rpl_semi_sync_master_request_ack":"0","Handler_read_next":"1","Update_scan":"0","Com_drop_event":"0","Com_show_table_status":"0","Executed_events":"0","Threadpool_idle_threads":"0","Com_ha_open":"0","Com_show_errors":"0","Com_drop_sequence":"0","Delayed_writes":"0","Handler_savepoint":"0","Innodb_row_lock_time_avg":"0","Handler_tmp_delete":"0","Handler_mrr_rowid_refills":"0","Com_multi":"0","Memory_used_initial":"274306368","Slaves_running":"0","Sort_priority_queue_sorts":"0","Threads_cached":"0","Innodb_data_pending_fsyncs":"0","Handler_read_first":"3","Innodb_rows_deleted":"0","Com_start_slave":"0","Innodb_buffer_pool_pages_dirty":"144","Ssl_client_connects":"0","Slave_skipped_errors":"0","Innodb_buffer_pool_wait_free":"0","Com_show_explain":"0","Binlog_group_commit_trigger_lock_wait":"0","Innodb_encryption_n_merge_blocks_decrypted":"0","Performance_schema_cond_instances_lost":"0","Innodb_data_written":"841640448","Rpl_semi_sync_master_tx_avg_wait_time":"0","Binlog_group_commit_trigger_count":"0","wsrep_thread_count":"0","Innodb_os_log_written":"376706048","Com_create_package_body":"0","Innodb_buffer_pool_pages_data":"4886","Acl_package_spec_grants":"0","Column_compressions":"0","Ssl_cipher":"TLS_AES_256_GCM_SHA384","Com_dealloc_sql":"0","Feature_system_versioning":"0","Ssl_used_session_cache_entries":"0","Subquery_cache_miss":"0","Com_rollback_to_savepoint":"0","Table_open_cache_active_instances":"1","Com_alter_db":"0","Com_install_plugin":"0","Com_stmt_reprepare":"0","Innodb_buffer_pool_bytes_data":"80052224","Aria_pagecache_write_requests":"0","Feature_json":"1","Com_call_procedure":"0","Handler_delete":"0","Performance_schema_rwlock_classes_lost":"0","Com_show_master_status":"0","Com_revoke_all":"0","Qcache_hits":"0","Flush_commands":"1","Com_create_role":"0","Handler_prepare":"0","Sort_scan":"0","Innodb_have_punch_hole":"ON","Com_ha_close":"0","Acl_procedure_grants":"0","Com_kill":"0","Com_show_create_package_body":"0","Rpl_semi_sync_master_tx_waits":"0","Com_drop_function":"0","Com_create_db":"2","Innodb_dblwr_writes":"149","Com_show_authors":"0","Key_reads":"0","Binlog_stmt_cache_use":"0","Innodb_buffer_pool_pages_total":"8027","Innodb_data_pending_reads":"0","Aria_pagecache_blocks_unused":"15694","Innodb_scrub_background_page_split_failures_out_of_filespace":"0","Com_purge":"0","Com_purge_before_date":"0","Com_ha_read":"0","Opened_plugin_libraries":"0","Com_show_grants":"0","Innodb_system_rows_inserted":"0","Com_change_master":"0","Com_show_slave_status":"0","wsrep_applier_thread_count":"0","wsrep_provider_capabilities":"","Feature_fulltext":"0","Performance_schema_accounts_lost":"0","Com_show_processlist":"0","Ssl_ctx_verify_mode":"5","Com_show_profiles":"0","wsrep_provider_version":"","Master_gtid_wait_timeouts":"0","Com_stmt_prepare":"0","Com_xa_prepare":"0","Com_replace_select":"0","":"ON","Ssl_session_cache_hits":"0","Innodb_encryption_n_rowlog_blocks_encrypted":"0","Handler_savepoint_rollback":"0","Com_drop_table":"1"},"Recommendations":["setup swappiness lower or equals to 10","setup Max running number events greater than 1M","Remove Anonymous User accounts - there are 2 anonymous accounts.","Set up a Secure Password for 'root'@'localhost' user: SET PASSWORD FOR 'root'@'localhost' = PASSWORD('secure_password');","Set up a Secure Password for root@localhost user: SET PASSWORD FOR 'root'@'localhost' = PASSWORD('secure_password');","1 user(s) used basic or weak password from basic dictionary.","MySQL was started within the last 24 hours: recommendations may be inaccurate","Configure your accounts with ip or subnets only, then update your configuration with skip-name-resolve=1","Performance schema should be activated for better diagnostics","Consider installing Sys schema from https://github.com/FromDual/mariadb-sys for MariaDB","Before changing innodb_log_file_size and/or innodb_log_files_in_group read this: https://bit.ly/2TcGgtU"],"AdjustVariables":["vm.swappiness <= 10 (echo 10 > /proc/sys/vm/swappiness)","fs.aio-max-nr > 1M (echo 1048576 > /proc/sys/fs/aio-max-nr)","skip-name-resolve=1","performance_schema=ON","innodb_buffer_pool_size (>= 146.8M) if possible.","innodb_log_file_size should be (=16M) if possible, so InnoDB total log file size equals 25% of buffer pool size."],"Performance_schema":{"memory":0,"pretty_memory":"0B"},"Variables":{"max_error_count":"64","performance_schema_events_stages_history_size":"-1","thread_concurrency":"10","aria_pagecache_buffer_size":"134217728","slave_load_tmpdir":"/tmp/actions-setup-mysql-21UzAl/tmp","div_precision_increment":"4","wsrep_node_incoming_address":"AUTO","innodb_force_primary_key":"OFF","innodb_buf_dump_status_frequency":"0","innodb_compression_failure_threshold_pct":"5","wsrep_debug":"NONE","version_compile_os":"Linux","secure_timestamp":"NO","wsrep_retry_autocommit":"1","wsrep_trx_fragment_unit":"bytes","aria_repair_threads":"1","_workaround":"OFF","join_buffer_size":"262144","column_compression_zlib_level":"6","aria_used_for_temp_tables":"ON","net_read_timeout":"30","wsrep_osu_method":"TOI","have_symlink":"YES","thread_cache_size":"151","innodb_fast_shutdown":"1","relay_log_info_file":"relay-log.info","preload_buffer_size":"32768","aria_group_commit_interval":"0","relay_log_purge":"ON","max_sort_length":"1024","socket":"/tmp/actions-setup-mysql-21UzAl/tmp/mysql.sock","innodb_scrub_log_speed":"256","performance_schema_events_waits_history_size":"-1","innodb_max_undo_log_size":"10485760","innodb_undo_log_truncate":"OFF","deadlock_timeout_short":"10000","multi_range_count":"256","innodb_ft_max_token_size":"84","innodb_adaptive_hash_index_parts":"8","innodb_random_read_ahead":"OFF","slave_transaction_retries":"10","innodb_ft_aux_table":"","completion_type":"NO_CHAIN","innodb_encryption_threads":"0","character_set_filesystem":"binary","max_tmp_tables":"32","idle_readonly_transaction_timeout":"0","character_set_system":"utf8","column_compression_threshold":"100","innodb_file_format":"","slave_type_conversions":"","wsrep_dirty_reads":"OFF","auto_increment_offset":"1","innodb_defragment_stats_accuracy":"0","max_connect_errors":"100","innodb_encrypt_log":"OFF","gtid_strict_mode":"OFF","sql_quote_show_create":"ON","performance_schema_max_mutex_instances":"-1","innodb_adaptive_max_sleep_delay":"150000","performance_schema_events_stages_history_long_size":"-1","extra_port":"0","binlog_stmt_cache_size":"32768","performance_schema_max_thread_instances":"-1","innodb_background_scrub_data_check_interval":"3600","foreign_key_checks":"ON","column_compression_zlib_wrap":"OFF","unique_checks":"ON","datetime_format":"%Y-%m-%d %H:%i:%s","wsrep_log_conflicts":"OFF","init_file":"","innodb_ft_total_cache_size":"640000000","join_buffer_space_limit":"2097152","innodb_commit_concurrency":"0","innodb_defragment_fill_factor_n_recs":"20","slow_query_log_file":"fv-az1131-757-slow.log","innodb_adaptive_flushing_lwm":"10.000000","default_password_lifetime":"0","performance_schema_max_file_instances":"-1","idle_transaction_timeout":"0","key_cache_block_size":"1024","secure_auth":"ON","performance_schema":"OFF","column_compression_zlib_strategy":"DEFAULT_STRATEGY","innodb_sort_buffer_size":"1048576","wsrep_sst_auth":"","innodb_defragment_fill_factor":"0.900000","aria_log_file_size":"1073741824","innodb_monitor_enable":"","innodb_optimize_fulltext_only":"OFF","proxy_user":"","replicate_annotate_row_events":"ON","default_regex_flags":"","max_digest_length":"1024","max_user_connections":"0","event_scheduler":"OFF","host_cache_size":"279","performance_schema_accounts_size":"-1","relay_log_index":"","system_versioning_alter_history":"ERROR","max_password_errors":"4294967295","innodb_checksum_algorithm":"crc32","sql_log_bin":"ON","innodb_buffer_pool_load_now":"OFF","plugin_maturity":"gamma","license":"GPL","slave_domain_parallel_threads":"0","profiling":"OFF","check_constraint_checks":"ON","pseudo_thread_id":"14","slave_skip_errors":"OFF","old_alter_table":"DEFAULT","innodb_encrypt_tables":"OFF","innodb_max_purge_lag_wait":"4294967295","wsrep_recover":"OFF","innodb_log_write_ahead_size":"8192","slow_launch_time":"2","innodb_adaptive_hash_index":"ON","mrr_buffer_size":"262144","progress_report_time":"5","innodb_force_recovery":"0","max_session_mem_used":"9223372036854775807","metadata_locks_cache_size":"1024","innodb_defragment_n_pages":"7","innodb_background_scrub_data_uncompressed":"OFF","max_sp_recursion_depth":"0","max_binlog_size":"1073741824","have_performance_schema":"YES","innodb_sync_spin_loops":"30","performance_schema_digests_size":"-1","performance_schema_setup_actors_size":"100","time_format":"%H:%i:%s","old_mode":"","binlog_annotate_row_events":"ON","innodb_background_scrub_data_interval":"604800","sql_buffer_result":"OFF","query_cache_type":"OFF","keep_files_on_create":"OFF","timestamp":"1679589543.021339","sql_big_selects":"ON","innodb_io_capacity_max":"2000","wsrep_slave_uk_checks":"OFF","log_slow_filter":"admin,filesort,filesort_on_disk,filesort_priority_queue,full_join,full_scan,query_cache,query_cache_miss,tmp_table,tmp_table_on_disk","key_cache_segments":"0","innodb_read_io_threads":"4","_temporal_format":"ON","have_openssl":"YES","extra_max_connections":"1","innodb_buffer_pool_instances":"1","innodb_large_prefix":"","thread_pool_idle_timeout":"60","innodb_defragment_frequency":"40","max_write_lock_count":"4294967295","gtid_slave_pos":"","innodb_concurrency_tickets":"5000","sql_auto_is_null":"OFF","myisam_use_mmap":"OFF","innodb_page_cleaners":"1","warning_count":"0","wsrep_reject_queries":"NONE","automatic_sp_privileges":"ON","sync_master_info":"10000","performance_schema_max_mutex_classes":"200","table_definition_cache":"400","performance_schema_users_size":"-1","pid_file":"/tmp/actions-setup-mysql-21UzAl/tmp/mysqld.pid","wsrep_load_data_splitting":"OFF","disconnect_on_expired_password":"OFF","innodb_purge_threads":"4","wsrep_max_ws_size":"2147483647","delayed_queue_size":"1000","wsrep_slave_threads":"1","slave_transaction_retry_errors":"1158,1159,1160,1161,1205,1213,1429,2013,12701","rpl_semi_sync_master_timeout":"10000","aria_recover_options":"BACKUP,QUICK","group_concat_max_len":"1048576","innodb_stats_auto_recalc":"ON","wsrep_gtid_mode":"OFF","local_infile":"ON","aria_checkpoint_interval":"30","wsrep_start_position":"00000000-0000-0000-0000-000000000000:-1","wsrep_sst_receive_address":"AUTO","low_priority_updates":"OFF","eq_range_index_dive_limit":"200","replicate_do_db":"","wsrep_max_ws_rows":"0","innodb_stats_sample_pages":"8","innodb_ft_server_stopword_table":"","have_dynamic_loading":"YES","read_binlog_speed_limit":"0","net_buffer_length":"16384","replicate_ignore_table":"","session_track_transaction_info":"OFF","relay_log":"","innodb_page_size":"16384","innodb_old_blocks_time":"1000","have_ssl":"YES","flush":"OFF","histogram_type":"DOUBLE_PREC_HB","tx_isolation":"REPEATABLE-READ","innodb_thread_sleep_delay":"10000","aria_pagecache_division_limit":"100","":"506620595","skip_external_locking":"ON","locked_in_memory":"OFF","innodb_status_output":"OFF","rpl_semi_sync_master_enabled":"OFF","report_host":"","table_open_cache_instances":"8","innodb_checksums":"ON","innodb_temp_data_file_path":"ibtmp1:12M:autoextend","optimizer_prune_level":"1","innodb_table_locks":"ON","innodb_log_optimize_ddl":"OFF","innodb_fill_factor":"100","innodb_stats_persistent_sample_pages":"20","myisam_block_size":"1024","min_examined_row_limit":"0","relay_log_space_limit":"0","innodb_undo_directory":"./","ssl_ca":"/tmp/actions-setup-mysql-21UzAl/var/ca.pem","rpl_semi_sync_master_wait_point":"AFTER_COMMIT","innodb_data_home_dir":"","tcp_keepalive_interval":"0","external_user":"","innodb_compression_pad_pct_max":"50","ft_max_word_len":"84","innodb_log_file_size":"50331648","innodb_fatal_semaphore_wait_threshold":"600","performance_schema_max_socket_classes":"10","tls_version":"TLSv1.1,TLSv1.2,TLSv1.3","performance_schema_max_rwlock_instances":"-1","performance_schema_max_file_handles":"32768","wsrep_certification_rules":"strict","skip_replication":"OFF","innodb_ft_enable_stopword":"ON","innodb_stats_modified_counter":"0","innodb_strict_mode":"ON","performance_schema_session_connect_attrs_size":"-1","ft_stopword_file":"(built-in)","wsrep_sr_store":"table","performance_schema_max_cond_classes":"90","innodb_change_buffering":"all","innodb_thread_concurrency":"0","thread_pool_oversubscribe":"3","idle_write_transaction_timeout":"0","innodb_read_only":"OFF","character_set_database":"latin1","auto_increment_increment":"1","version_ssl_library":"OpenSSL 1.1.1t  7 Feb 2023","collation_server":"latin1_swedish_ci","transaction_prealloc_size":"4096","old":"OFF","log_slow_slave_statements":"ON","max_long_data_size":"16777216","aria_log_purge_type":"immediate","binlog_commit_wait_count":"0","log_slow_rate_limit":"1","ssl_cipher":"","autocommit":"ON","back_log":"80","innodb_support_xa":"ON","key_buffer_size":"134217728","innodb_scrub_log":"OFF","have_galera":"NO","innodb_io_capacity":"200","innodb_defragment":"OFF","encrypt_tmp_files":"OFF","deadlock_search_depth_long":"15","innodb_flush_method":"fsync","innodb_ft_enable_diag_print":"OFF","slave_max_allowed_packet":"1073741824","sync_relay_log":"10000","have_myisam":"YES","ignore_db_dirs":"","wsrep_convert_lock_to_trx":"OFF","encrypt_binlog":"OFF","expire_logs_days":"0","innodb_autoinc_lock_mode":"1","tx_read_only":"OFF","aria_pagecache_age_threshold":"300","innodb_ft_cache_size":"8000000","performance_schema_max_rwlock_classes":"40","performance_schema_events_waits_history_long_size":"-1","wsrep_sst_method":"rsync","insert_id":"0","innodb_force_load_corrupted":"OFF","optimizer_search_depth":"62","log_slave_updates":"OFF","explicit_defaults_for_timestamp":"OFF","collation_connection":"latin1_swedish_ci","binlog_format":"MIXED","log_slow_admin_statements":"ON","max_insert_delayed_threads":"20","innodb_buffer_pool_size":"134217728","innodb_default_encryption_key_id":"1","performance_schema_max_thread_classes":"50","innodb_background_scrub_data_compressed":"OFF","innodb_max_purge_lag_delay":"0","max_allowed_packet":"16777216","lower_case_table_names":"0","innodb_flush_neighbors":"1","innodb_stats_method":"nulls_equal","aria_stats_method":"nulls_unequal","max_length_for_sort_data":"1024","timed_mutexes":"OFF","wsrep_slave_fk_checks":"ON","innodb_lock_wait_timeout":"50","have_rtree_keys":"YES","lower_case_file_system":"OFF","aria_force_start_after_recovery_failures":"0","tmpdir":"/tmp/actions-setup-mysql-21UzAl/tmp","innodb_buffer_pool_load_abort":"OFF","read_rnd_buffer_size":"262144","relay_log_basename":"","innodb_stats_include_delete_marked":"OFF","performance_schema_max_stage_classes":"160","log_tc_size":"24576","sort_buffer_size":"2097152","gtid_pos_auto_engines":"","slave_parallel_max_queued":"131072","innodb_log_compressed_pages":"ON","system_versioning_asof":"DEFAULT","max_join_size":"18446744073709551615","performance_schema_max_digest_length":"1024","innodb_cmp_per_index_enabled":"OFF","log_bin_index":"","version_compile_machine":"x86_64","tmp_memory_table_size":"16777216","wsrep_restart_slave":"OFF","have_aria":"YES","thread_pool_prio_kickup_timer":"1000","rpl_semi_sync_slave_delay_master":"OFF","myisam_recover_options":"BACKUP,QUICK","wsrep_patch_version":"wsrep_26.22","tmp_disk_table_size":"18446744073709551615","max_delayed_threads":"20","flush_time":"0","wsrep_auto_increment_control":"ON","innodb_purge_rseg_truncate_frequency":"128","innodb_stats_traditional":"ON","encrypt_tmp_disk_tables":"OFF","innodb_ft_sort_pll_degree":"2","wsrep_cluster_address":"","innodb_prefix_index_cluster_optimization":"OFF","large_page_size":"0","character_set_client":"latin1","gtid_cleanup_batch_size":"64","wsrep_certify_nonpk":"ON","innodb_stats_transient_sample_pages":"8","innodb_max_dirty_pages_pct_lwm":"0.000000","innodb_open_files":"2000","wsrep_cluster_name":"my_wsrep_cluster","myisam_sort_buffer_size":"134216704","innodb_buffer_pool_filename":"ib_buffer_pool","have_query_cache":"YES","innodb_ft_user_stopword_table":"","innodb_instant_alter_column_allowed":"add_drop_reorder","report_password":"","have_sequence":"YES","wsrep_gtid_domain_id":"0","have_threadpool":"NO","performance_schema_hosts_size":"-1","aria_block_size":"8192","rpl_semi_sync_slave_kill_conn_timeout":"5","log_output":"FILE","wsrep_sync_wait":"0","query_cache_limit":"1048576","long_query_time":"10.000000","log_bin":"OFF","replicate_wild_ignore_table":"","alter_algorithm":"DEFAULT","max_binlog_cache_size":"18446744073709547520","log_error":"","binlog_commit_wait_usec":"100000","innodb_buffer_pool_load_at_startup":"ON","proxy_protocol_networks":"","plugin_dir":"/opt/hostedtoolcache/mariadb/10.4.28/x64/lib/plugin/","gtid_binlog_state":"","sql_notes":"ON","have_geometry":"YES","query_cache_wlock_invalidate":"OFF","ssl_key":"/tmp/actions-setup-mysql-21UzAl/var/server-key.pem","innodb_monitor_reset":"","wsrep_forced_binlog_format":"NONE","innodb_ft_num_word_optimize":"2000","metadata_locks_hash_instances":"8","optimizer_trace":"enabled=off","innodb_flush_log_at_trx_commit":"1","performance_schema_max_table_instances":"-1","log_bin_basename":"","replicate_wild_do_table":"","max_prepared_stmt_count":"16382","sync_relay_log_info":"10000","wsrep_causal_reads":"OFF","innodb_disable_sort_file_cache":"OFF","performance_schema_events_statements_history_long_size":"-1","aria_group_commit":"none","master_verify_checksum":"OFF","innodb_adaptive_flushing":"ON","innodb_log_checksums":"ON","have_compress":"YES","innodb_flush_sync":"ON","pseudo_slave_mode":"OFF","wsrep_sst_donor":"","gtid_binlog_pos":"","hostname":"fv-az1131-757","character_set_server":"latin1","report_user":"","replicate_events_marked_for_skip":"REPLICATE","have_profiling":"YES","innodb_data_file_path":"ibdata1:12M:autoextend","innodb_flushing_avg_loops":"30","version_comment":"shogo82148/actions-setup-mysql@v1.15.0","sql_mode":"STRICT_TRANS_TABLES,ERROR_FOR_DIVISION_BY_ZERO,NO_AUTO_CREATE_USER,NO_ENGINE_SUBSTITUTION","performance_schema_events_statements_history_size":"-1","myisam_repair_threads":"1","binlog_optimize_thread_scheduling":"ON","slave_parallel_threads":"0","sync_frm":"ON","innodb_use_native_aio":"OFF","slave_sql_verify_checksum":"ON","innodb_write_io_threads":"4","stored_program_cache":"256","gtid_seq_no":"0","max_connections":"151","delayed_insert_limit":"100","log_queries_not_using_indexes":"OFF","innodb_compression_level":"6","rowid_merge_buff_size":"8388608","slave_transaction_retry_interval":"0","slave_parallel_mode":"conservative","max_binlog_stmt_cache_size":"18446744073709547520","replicate_ignore_db":"","rpl_semi_sync_slave_enabled":"OFF","innodb_idle_flush_pct":"100","log_slow_disabled_statements":"sp","version_source_revision":"c8f2e9a5c0ac5905f28b050b7df5a9ffd914b7e7","innodb_ft_min_token_size":"3","innodb_log_group_home_dir":"./","key_cache_division_limit":"100","use_stat_tables":"PREFERABLY_FOR_QUERIES","innodb_log_buffer_size":"16777216","ssl_cert":"/tmp/actions-setup-mysql-21UzAl/var/server-cert.pem","tcp_keepalive_time":"0","analyze_sample_percentage":"100.000000","system_time_zone":"UTC","myisam_data_pointer_size":"6","binlog_cache_size":"32768","sql_slave_skip_counter":"0","slow_query_log":"OFF","query_cache_size":"1048576","performance_schema_max_cond_instances":"-1","log_bin_compress_min_len":"256","max_seeks_for_key":"4294967295","innodb_compression_algorithm":"zlib","ft_min_word_len":"4","in_transaction":"0","secure_file_priv":"","thread_pool_stall_limit":"500","wsrep_ignore_apply_errors":"7","lock_wait_timeout":"86400","wsrep_mysql_replication_bundle":"0","wsrep_node_address":"","standard_compliant_cte":"ON","histogram_size":"254","collation_database":"latin1_swedish_ci","date_format":"%Y-%m-%d","rpl_semi_sync_master_trace_level":"32","wsrep_data_home_dir":"/tmp/actions-setup-mysql-21UzAl/var/","innodb_ft_result_cache_limit":"2000000000","init_connect":"","default_storage_engine":"InnoDB","rpl_semi_sync_slave_trace_level":"32","bind_address":"*","tcp_keepalive_probes":"0","innodb_file_per_table":"ON","wsrep_notify_cmd":"","range_alloc_block_size":"4096","innodb_max_dirty_pages_pct":"75.000000","max_heap_table_size":"16777216","performance_schema_max_table_handles":"-1","innodb_undo_tablespaces":"0","innodb_read_ahead_threshold":"56","innodb_doublewrite":"ON","binlog_file_cache_size":"16384","innodb_rollback_on_timeout":"OFF","innodb_purge_batch_size":"300","userstat":"OFF","log_bin_compress":"OFF","slave_compressed_protocol":"OFF","relay_log_recovery":"OFF","innodb_status_output_locks":"OFF","lc_messages":"en_US","character_sets_dir":"/opt/hostedtoolcache/mariadb/10.4.28/x64/share/charsets/","last_gtid":"","innodb_stats_on_metadata":"OFF","open_files_limit":"32184","query_alloc_block_size":"16384","innodb_deadlock_detect":"ON","general_log_file":"fv-az1131-757.log","tmp_table_size":"16777216","replicate_do_table":"","thread_pool_max_threads":"65536","gtid_current_pos":"","binlog_row_image":"FULL","optimizer_use_condition_selectivity":"4","bulk_insert_buffer_size":"8388608","innodb_immediate_scrub_data_uncompressed":"OFF","character_set_results":"latin1","big_tables":"OFF","innodb_change_buffer_max_size":"25","gtid_ignore_duplicates":"OFF","report_port":"3306","port":"3306","wsrep_provider_options":"","query_cache_min_res_unit":"4096","transaction_alloc_block_size":"8192","old_passwords":"OFF","innodb_undo_logs":"128","max_recursive_iterations":"4294967295","read_only":"OFF","max_statement_time":"0.000000","net_write_timeout":"60","have_memory":"YES","innodb_old_blocks_pct":"37","large_files_support":"ON","general_log":"OFF","identity":"0","sql_warnings":"OFF","binlog_direct_non_transactional_updates":"OFF","innodb_spin_wait_delay":"4","innodb_lock_schedule_algorithm":"fcfs","query_cache_strip_comments":"OFF","default_master_connection":"","log_warnings":"2","aria_page_checksum":"ON","myisam_stats_method":"NULLS_UNEQUAL","session_track_system_variables":"autocommit,character_set_client,character_set_connection,character_set_results,time_zone","optimizer_trace_max_mem_size":"1048576","innodb_compression_default":"OFF","innodb_lru_scan_depth":"1024","slave_parallel_workers":"0","server_id":"1","connect_timeout":"10","slave_net_timeout":"60","datadir":"/tmp/actions-setup-mysql-21UzAl/var/","innodb_print_all_deadlocks":"OFF","net_retry_count":"10","log_slow_verbosity":"","large_pages":"OFF","deadlock_search_depth_short":"4","innodb_version":"10.4.28","optimizer_selectivity_sampling_limit":"100","have_innodb":"YES","innodb_rollback_segments":"128","gtid_domain_id":"0","slave_run_triggers_for_rbr":"NO","ssl_capath":"","aria_pagecache_file_hash_size":"512","performance_schema_max_file_classes":"50","max_relay_log_size":"1073741824","wsrep_sst_donor_rejects_queries":"OFF","default_week_format":"0","delayed_insert_timeout":"300","innodb_monitor_reset_all":"","innodb_buffer_pool_dump_now":"OFF","performance_schema_max_statement_classes":"202","version_malloc_library":"system","protocol_version":"10","innodb_monitor_disable":"","delay_key_write":"ON","rpl_semi_sync_master_wait_no_slave":"ON","skip_parallel_replication":"OFF","sql_select_limit":"18446744073709551615","profiling_history_size":"15","myisam_mmap_size":"18446744073709551615","session_track_schema":"ON","innodb_stats_persistent":"ON","thread_pool_priority":"auto","thread_stack":"299008","init_slave":"","in_predicate_conversion_threshold":"1000","ft_boolean_syntax":"+ -><()~*:\"\"&|","core_file":"OFF","thread_handling":"one-thread-per-connection","wsrep_node_name":"fv-az1131-757","wsrep_dbug_option":"","aria_sort_buffer_size":"268434432","wsrep_on":"OFF","aria_checkpoint_log_activity":"1048576","innodb_buffer_pool_chunk_size":"134217728","innodb_default_row_format":"dynamic","lc_messages_dir":"/opt/hostedtoolcache/mariadb/10.4.28/x64/share","storage_engine":"InnoDB","innodb_encrypt_temporary_tables":"OFF","strict_password_validation":"ON","concurrent_insert":"AUTO","log_bin_trust_function_creators":"OFF","aria_sync_log_dir":"NEWFILE","wait_timeout":"28800","ssl_crl":"","innodb_max_purge_lag":"0","innodb_encryption_rotation_iops":"100","session_track_state_change":"OFF","skip_name_resolve":"OFF","character_set_connection":"latin1","wsrep_replicate_myisam":"OFF","wsrep_desync":"OFF","aria_max_sort_file_size":"9223372036853727232","performance_schema_setup_objects_size":"100","time_zone":"SYSTEM","binlog_checksum":"CRC32","key_cache_age_threshold":"300","sql_safe_updates":"OFF","last_insert_id":"0","query_prealloc_size":"24576","expensive_subquery_limit":"100","innodb_replication_delay":"0","slave_exec_mode":"STRICT","basedir":"/opt/hostedtoolcache/mariadb/10.4.28/x64/","innodb_autoextend_increment":"64","ssl_crlpath":"","skip_networking":"OFF","ignore_builtin_innodb":"OFF","aria_encrypt_tables":"OFF","enforce_storage_engine":"","read_buffer_size":"131072","log_disabled_statements":"sp","innodb_online_alter_log_max_size":"134217728","innodb_sync_array_size":"1","innodb_buffer_pool_dump_at_shutdown":"ON","skip_show_database":"OFF","innodb_locks_unsafe_for_binlog":"OFF","myisam_max_sort_file_size":"9223372036853727232","innodb_use_atomic_writes":"ON","key_cache_file_hash_size":"512","debug_no_thread_alarm":"OFF","performance_schema_max_socket_instances":"-1","version":"10.4.28-MariaDB","sync_binlog":"0","lc_time_names":"en_US","deadlock_timeout_long":"50000000","updatable_views_with_limit":"YES","ft_query_expansion_limit":"20","table_open_cache":"2000","innodb_flush_log_at_timeout":"1","join_cache_level":"2","innodb_encryption_rotate_key_age":"1","interactive_timeout":"28800","default_tmp_storage_engine":"","optimizer_switch":"index_merge=on,index_merge_union=on,index_merge_sort_union=on,index_merge_intersection=on,index_merge_sort_intersection=off,engine_condition_pushdown=off,index_condition_pushdown=on,derived_merge=on,derived_with_keys=on,firstmatch=on,loosescan=on,materialization=on,in_to_exists=on,semijoin=on,partial_match_rowid_merge=on,partial_match_table_scan=on,subquery_cache=on,mrr=off,mrr_cost_based=off,mrr_sort_keys=off,outer_join_with_cache=on,semijoin_with_cache=on,join_cache_incremental=on,join_cache_hashed=on,join_cache_bka=on,optimize_join_buffer_size=on,table_elimination=on,extended_keys=on,exists_to_in=on,orderby_uses_equalities=on,condition_pushdown_for_derived=on,split_materialized=on,condition_pushdown_for_subquery=on,rowid_filter=on,condition_pushdown_from_having=on","innodb_log_files_in_group":"2","wsrep_provider":"none","innodb_tmpdir":"","error_count":"0","thread_pool_size":"2","have_csv":"YES","wsrep_trx_fragment_size":"0","have_crypt":"YES","tcp_nodelay":"ON","max_rowid_filter_size":"131072","slave_ddl_exec_mode":"IDEMPOTENT","sql_log_off":"OFF","have_mrg_myisam":"YES","innodb_buffer_pool_dump_pct":"25"},"Filesystem":{"Used Space":{"/mnt":"4194336","/boot/efi":"6182"},"Free Space":{"/boot/efi":"100677","/mnt":"9396508"},"Inode Pct":{"/mnt":"1","/":"10"},"Total Space":{"/boot/efi":"106858","/mnt":"14341128"},"Space Pct":{"/mnt":"31","/boot/efi":"6"}},"MySQL Client":{"Authentication Info":"-u root -p'root'  --protocol=tcp","Server version":"5.5.5-10.4.28-MariaDB shogo82148/actions-setup-mysql@v1.15.0","Current database":"","Admin Path":"/usr/bin/mysqladmin","SSL":"Cipher in use is TLS_AES_256_GCM_SHA384","Connection":"localhost via TCP/IP","Uptime":"1 min 0 sec","Current user":"root@localhost","Client Path":"/usr/bin/mysql","Protocol version":"10","Conn.  characterset":"latin1","Client characterset":"latin1","Version":"10.4.28","Db     characterset":"latin1","Server characterset":"latin1","TCP port":"3306"},"MySQLTuner":{"options":{"outputfile":"0","prettyjson":0,"user":"root","cvefile":"./vulnerabilities.csv","defaults-extra-file":"","nocolstat":0,"updateversion":0,"bannedports":"","colstat":0,"host":"127.0.0.1","template":"0","passwordfile":"0","skipsize":"0","json":"1","protocol":"tcp","noask":0,"noidxstat":0,"tbstat":1,"noinfo":0,"dbstat":1,"nosysstat":0,"pass":"root","reportfile":"0","color":0,"pfstat":1,"verbose":1,"debug":0,"ssl-ca":"0","nobad":0,"nocolor":1,"password":0,"noprocess":0,"socket":"0","skippassword":"0","checkversion":"1","maxportallowed":0,"dumpdir":"/home/runner/work/MySQLTuner-perl/MySQLTuner-perl/examples/github/result/mariadb/10.4","port":3306,"silent":0,"idxstat":1,"nopfstat":0,"nogood":0,"notbstat":0,"nodbstat":0,"forcemem":0,"server-log":"","forceswap":0,"buffers":"1","defaults-file":"","sysstat":1},"version":"2.1.1","datetime":"23-03-2023 16:39:02\n"},"Databases":{"All databases":{"Data Pct":"96.22%","Data Size":"148111360","Index Pct":"3.78%","Index Size":"5816320","Total Size":"153927680","Rows":"3911404"},"List":["data","employees","information_schema","mysql","performance_schema","test"],"employees":{"Total Size":"153927680","Index Pct":"3.78%","Data Pct":"96.22%","Data Size":"148111360","Tables":"8","Index Size":"5816320","Rows":"3911404","Collations":"1"}},"OS":{"Release":"Ubuntu 22.04.2 LTS","NbCore":"2","Hostname":"fv-az1131-757\n","Load Average":"top - 16:39:13 up 2 min,  0 users,  load average: 1.58, 0.68, 0.26\n","Type":"GNU/Linux\n","Virtual Machine":"YES","Physical Memory":{"bytes":"7281278976","pretty":"6.8G"},"Free Memory RAM":"               total        used        free      shared  buff/cache   available\nMem:            6943         780        1897           7        4266        5850\nSwap:           4095           0        4095\n","Uptime":" 16:39:13 up 2 min,  0 users,  load average: 1.58, 0.68, 0.26\n","Swap Memory":{"bytes":"4294963200","pretty":"4.0G"},"Config":{"fs.aio-max-nr":"65536\n","fs.aio-nr":"0\n","sunrpc.tcp_slot_table_entries":"","sunrpc.tcp_max_slot_table_entries":"","vm.swappiness":"60\n","fs.file-max":"9223372036854775807\n","sunrpc.tcp_fin_timeout":""},"Logged users":"","OS Type":"Linux","Other Processes":{"bytes":130572288,"pretty":"124.5M"},"Architecture":"64 bits","Kernel":"5.15.0-1034-azure\n"},"Calculations":{"max_tmp_table_size":"16777216","table_cache_hit_rate":"87","total_per_thread_buffers":2994139136,"pct_max_used_memory":"6.28","pct_connections_aborted":"0.00","pct_read_efficiency":"100.00","pct_reads":"9","pct_aria_keys_from_mem":"17.6","max_used_memory":457084928,"pct_slow_queries":"0","server_buffers":437256192,"per_thread_buffers":19828736,"pct_query_cache_used":"1.6","pct_files_open":"0","total_reads":"17","innodb_log_size_pct":"75","pct_temp_disk":"0","total_myisam_indexes":"0","joins_without_indexes":0,"pct_write_efficiency":"99.96","max_peak_memory":3431395328,"max_total_per_thread_buffers":19828736,"pct_max_physical_memory":"47.13","total_sorts":0,"pct_aborted_connections":0,"query_cache_efficiency":"0.0","thread_cache_hit_rate":"94","pct_key_buffer_used":"18.2","total_aria_indexes":"335872","pct_keys_from_mem":0,"total_tables":"170","pct_innodb_buffer_used":"87.54","pct_table_locks_immediate":"100","total_writes":168,"joins_without_indexes_per_day":0,"pct_connections_used":"0","pct_writes":"91","query_cache_prunes_per_day":0,"pct_wkeys_from_mem":0}}