{"Replication":{"Status":{}},"Storage Engines":{"memory":"YES","sequence":"YES","csv":"YES","performance_schema":"YES","mrg_myisam":"YES","aria":"YES","innodb":"DEFAULT","myisam":"YES"},"Network":{"Connected":"YES","External Ip":"  % Total    % Received % Xferd  Average Speed   Time    Time     Time  Current,                                  Dload  Upload   Total   Spent    Left  Speed, \r  0     0    0     0    0     0      0      0 --:--:-- --:--:-- --:--:--     0\r100    12  100    12    0     0     98      0 --:--:-- --:--:-- --:--:--    99, 13.88.61.224","Internal Ip":"docker0: flags=4099<UP,BROADCAST,MULTICAST>  mtu 1500\n        inet 172.17.0.1  netmask 255.255.0.0  broadcast 172.17.255.255\n--\neth0: flags=4163<UP,BROADCAST,RUNNING,MULTICAST>  mtu 1500\n        inet 10.1.0.23  netmask 255.255.0.0  broadcast 10.1.255.255\n--\nlo: flags=73<UP,LOOPBACK,RUNNING>  mtu 65536\n        inet 127.0.0.1  netmask 255.0.0.0\n"},"Tables":{"Fragmented tables":[]},"CVE":{"nb":0},"OS":{"Logged users":"","NbCore":"2","Type":"GNU/Linux\n","Kernel":"5.15.0-1034-azure\n","Free Memory RAM":"               total        used        free      shared  buff/cache   available\nMem:            6943         881        1836           7        4225        5749\nSwap:           4095           0        4095\n","Other Processes":{"bytes":131002368,"pretty":"124.9M"},"Swap Memory":{"pretty":"4.0G","bytes":"4294963200"},"OS Type":"Linux","Uptime":" 16:39:04 up 5 min,  0 users,  load average: 0.85, 0.54, 0.26\n","Load Average":"top - 16:39:04 up 5 min,  0 users,  load average: 0.85, 0.54, 0.26\n","Virtual Machine":"YES","Config":{"fs.file-max":"9223372036854775807\n","sunrpc.tcp_fin_timeout":"","sunrpc.tcp_max_slot_table_entries":"","vm.swappiness":"60\n","fs.aio-max-nr":"65536\n","fs.aio-nr":"0\n","sunrpc.tcp_slot_table_entries":""},"Architecture":"64 bits","Release":"Ubuntu 22.04.2 LTS","Hostname":"fv-az574-349\n","Physical Memory":{"pretty":"6.8G","bytes":"7281278976"}},"Galera":{"GCache":{"memory":"0","pretty_memory":"0B"}},"Calculations":{"total_reads":"17","max_peak_memory":3431395328,"pct_reads":"9","total_aria_indexes":"360448","pct_aria_keys_from_mem":"17.6","pct_aborted_connections":0,"total_myisam_indexes":"0","pct_query_cache_used":"1.6","pct_wkeys_from_mem":0,"joins_without_indexes_per_day":0,"pct_connections_used":"0","innodb_log_size_pct":"75","pct_max_physical_memory":"47.13","query_cache_efficiency":"0.0","pct_write_efficiency":"98.02","total_per_thread_buffers":2994139136,"table_cache_hit_rate":"87","pct_key_buffer_used":"18.2","max_total_per_thread_buffers":19828736,"pct_connections_aborted":"0.00","pct_keys_from_mem":0,"max_used_memory":457084928,"pct_files_open":"0","server_buffers":437256192,"query_cache_prunes_per_day":0,"pct_table_locks_immediate":"100","pct_temp_disk":"0","total_sorts":0,"pct_slow_queries":"0","joins_without_indexes":0,"pct_writes":"91","max_tmp_table_size":"16777216","total_tables":"300","total_writes":168,"pct_innodb_buffer_used":"100.00","per_thread_buffers":19828736,"pct_read_efficiency":"100.00","pct_max_used_memory":"6.28","thread_cache_hit_rate":"91"},"MaxInt":"18446744073709551615","Indexes":{"PRIMARY(dept_no)":{"Cardinality":"24","Sequence number":"2","Number of column":"2","Column":"employees.dept_manager","Row number":"24","Selectivity":"100.00","Index Type":"BTREE"},"PRIMARY(emp_no)":{"Index Type":"BTREE","Row number":"299290","Selectivity":"100.00","Number of column":"1","Sequence number":"1","Column":"employees.employees","Cardinality":"299290"},"dept_no(dept_no)":{"Sequence number":"1","Number of column":"1","Column":"employees.dept_manager","Cardinality":"24","Index Type":"BTREE","Selectivity":"100.00","Row number":"24"},"PRIMARY(from_date)":{"Cardinality":"442783","Number of column":"3","Column":"employees.titles","Sequence number":"3","Selectivity":"100.00","Row number":"442783","Index Type":"BTREE"},"PRIMARY(title)":{"Row number":"442783","Selectivity":"100.00","Index Type":"BTREE","Cardinality":"442783","Number of column":"3","Sequence number":"2","Column":"employees.titles"}},"Filesystem":{"Total Space":{"/mnt":"14341128","/boot/efi":"106858"},"Free Space":{"/boot/efi":"100677","/mnt":"9396508"},"Used Space":{"/mnt":"4194336","/boot/efi":"6182"},"Space Pct":{"/boot/efi":"6","/mnt":"31"},"Inode Pct":{"/mnt":"1","/":"10"}},"Databases":{"employees":{"Index Pct":"3.78%","Rows":"3912102","Collations":"1","Index Size":"5816320","Data Pct":"96.22%","Total Size":"153927680","Data Size":"148111360","Tables":"8"},"All databases":{"Rows":"3912102","Index Pct":"3.78%","Total Size":"153927680","Data Size":"148111360","Data Pct":"96.22%","Index Size":"5816320"},"List":["data","employees","information_schema","mysql","performance_schema","sys","test"]},"Variables":{"have_sequence":"YES","wsrep_sst_donor_rejects_queries":"OFF","standard_compliant_cte":"ON","innodb_optimize_fulltext_only":"OFF","table_definition_cache":"400","performance_schema_max_statement_stack":"10","binlog_format":"MIXED","storage_engine":"InnoDB","performance_schema_max_mutex_instances":"-1","innodb_page_size":"16384","tcp_nodelay":"ON","automatic_sp_privileges":"ON","wsrep_recover":"OFF","transaction_prealloc_size":"4096","innodb_print_all_deadlocks":"OFF","max_relay_log_size":"1073741824","innodb_buffer_pool_size":"134217728","general_log_file":"fv-az574-349.log","slave_type_conversions":"","binlog_file_cache_size":"16384","aria_sort_buffer_size":"268434432","skip_show_database":"OFF","max_tmp_tables":"32","plugin_maturity":"gamma","session_track_state_change":"OFF","wsrep_trx_fragment_size":"0","join_cache_level":"2","rpl_semi_sync_master_wait_point":"AFTER_COMMIT","wsrep_reject_queries":"NONE","session_track_schema":"ON","slave_sql_verify_checksum":"ON","transaction_alloc_block_size":"8192","external_user":"","max_binlog_cache_size":"18446744073709547520","relay_log_info_file":"relay-log.info","report_host":"","time_zone":"SYSTEM","innodb_strict_mode":"ON","wsrep_restart_slave":"OFF","idle_transaction_timeout":"0","secure_timestamp":"NO","aria_pagecache_file_hash_size":"512","myisam_use_mmap":"OFF","innodb_write_io_threads":"4","min_examined_row_limit":"0","slave_domain_parallel_threads":"0","slave_run_triggers_for_rbr":"NO","slow_query_log_file":"fv-az574-349-slow.log","replicate_do_db":"","have_openssl":"YES","innodb_defragment_fill_factor_n_recs":"20","wsrep_trx_fragment_unit":"bytes","innodb_temp_data_file_path":"ibtmp1:12M:autoextend","optimizer_prune_level":"1","innodb_old_blocks_pct":"37","thread_stack":"299008","query_cache_size":"1048576","replicate_ignore_table":"","secure_file_priv":"","datadir":"/tmp/actions-setup-mysql-UK4NGV/var/","aria_checkpoint_interval":"30","sql_if_exists":"OFF","performance_schema_max_memory_classes":"320","encrypt_binlog":"OFF","sql_buffer_result":"OFF","table_open_cache":"2000","strict_password_validation":"ON","slave_parallel_workers":"0","optimizer_search_depth":"62","alter_algorithm":"DEFAULT","debug_no_thread_alarm":"OFF","performance_schema_max_rwlock_classes":"50","innodb_use_native_aio":"OFF","performance_schema_events_transactions_history_long_size":"-1","innodb_stats_auto_recalc":"ON","innodb_random_read_ahead":"OFF","wsrep_mode":"","thread_pool_idle_timeout":"60","thread_pool_dedicated_listener":"OFF","have_geometry":"YES","check_constraint_checks":"ON","log_slow_slave_statements":"ON","gtid_pos_auto_engines":"","slave_parallel_max_queued":"131072","binlog_annotate_row_events":"ON","innodb_change_buffering":"none","pseudo_thread_id":"9","wsrep_forced_binlog_format":"NONE","max_delayed_threads":"20","performance_schema_max_cond_instances":"-1","relay_log_basename":"","wsrep_slave_fk_checks":"ON","key_cache_segments":"0","innodb_ft_min_token_size":"3","sql_log_off":"OFF","innodb_force_recovery":"0","low_priority_updates":"OFF","innodb_sort_buffer_size":"1048576","read_binlog_speed_limit":"0","flush":"OFF","have_memory":"YES","system_versioning_alter_history":"ERROR","innodb_fatal_semaphore_wait_threshold":"600","query_prealloc_size":"24576","version_source_revision":"4c79e15cc3716f69c044d4287ad2160da8101cdc","innodb_buffer_pool_load_now":"OFF","innodb_instant_alter_column_allowed":"add_drop_reorder","init_file":"","slow_launch_time":"2","binlog_stmt_cache_size":"32768","large_pages":"OFF","thread_pool_oversubscribe":"3","performance_schema_events_stages_history_size":"-1","local_infile":"ON","sync_relay_log":"10000","foreign_key_checks":"ON","delayed_insert_limit":"100","innodb_monitor_reset_all":"","rpl_semi_sync_master_timeout":"10000","innodb_flush_log_at_timeout":"1","innodb_lru_scan_depth":"1536","optimizer_selectivity_sampling_limit":"100","innodb_log_file_size":"100663296","insert_id":"0","skip_networking":"OFF","analyze_sample_percentage":"100.000000","thread_pool_prio_kickup_timer":"1000","in_transaction":"0","innodb_buffer_pool_dump_pct":"25","innodb_deadlock_report":"full","pseudo_slave_mode":"OFF","autocommit":"ON","expensive_subquery_limit":"100","wsrep_provider":"none","replicate_events_marked_for_skip":"REPLICATE","log_bin_trust_function_creators":"OFF","version_compile_machine":"x86_64","gtid_slave_pos":"","aria_pagecache_age_threshold":"300","innodb_max_dirty_pages_pct":"90.000000","rpl_semi_sync_slave_delay_master":"OFF","performance_schema_hosts_size":"-1","wsrep_on":"OFF","ft_max_word_len":"84","innodb_stats_on_metadata":"OFF","have_ssl":"YES","innodb_compression_algorithm":"zlib","wsrep_notify_cmd":"","column_compression_threshold":"100","character_set_database":"latin1","wsrep_desync":"OFF","lc_messages":"en_US","log_slow_rate_limit":"1","slave_exec_mode":"STRICT","skip_name_resolve":"OFF","sql_quote_show_create":"ON","sql_slave_skip_counter":"0","rpl_semi_sync_slave_trace_level":"32","gtid_seq_no":"0","collation_database":"latin1_swedish_ci","_workaround":"OFF","innodb_old_blocks_time":"1000","use_stat_tables":"PREFERABLY_FOR_QUERIES","max_allowed_packet":"16777216","aria_max_sort_file_size":"9223372036853727232","have_threadpool":"NO","log_error":"","innodb_flush_neighbors":"1","column_compression_zlib_wrap":"OFF","thread_pool_max_threads":"65536","innodb_log_group_home_dir":"./","wsrep_max_ws_size":"2147483647","auto_increment_offset":"1","innodb_encrypt_tables":"OFF","innodb_doublewrite":"ON","deadlock_search_depth_long":"15","innodb_purge_threads":"4","idle_readonly_transaction_timeout":"0","wsrep_sst_auth":"","concurrent_insert":"AUTO","default_storage_engine":"InnoDB","relay_log_recovery":"OFF","replicate_do_table":"","version_ssl_library":"OpenSSL 1.1.1t  7 Feb 2023","aria_stats_method":"nulls_unequal","default_master_connection":"","sql_warnings":"OFF","innodb_encrypt_log":"OFF","tcp_keepalive_probes":"0","tx_read_only":"OFF","query_cache_type":"OFF","innodb_table_locks":"ON","have_query_cache":"YES","sync_master_info":"10000","innodb_adaptive_flushing":"ON","ssl_crlpath":"","tls_version":"TLSv1.1,TLSv1.2,TLSv1.3","unique_checks":"ON","slave_transaction_retry_errors":"1158,1159,1160,1161,1205,1213,1429,2013,12701","innodb_flush_log_at_trx_commit":"1","key_buffer_size":"134217728","aria_log_purge_type":"immediate","innodb_defragment_stats_accuracy":"0","tcp_keepalive_time":"0","innodb_buffer_pool_dump_now":"OFF","wsrep_sr_store":"table","innodb_monitor_disable":"","max_connect_errors":"100","column_compression_zlib_strategy":"DEFAULT_STRATEGY","wsrep_log_conflicts":"OFF","flush_time":"0","tmpdir":"/tmp/actions-setup-mysql-UK4NGV/tmp","rpl_semi_sync_master_trace_level":"32","innodb_buffer_pool_filename":"ib_buffer_pool","query_cache_limit":"1048576","innodb_read_only":"OFF","tmp_table_size":"16777216","plugin_dir":"/opt/hostedtoolcache/mariadb/10.6.12/x64/lib/plugin/","report_port":"3306","thread_cache_size":"151","performance_schema_max_sql_text_length":"1024","innodb_cmp_per_index_enabled":"OFF","rowid_merge_buff_size":"8388608","range_alloc_block_size":"4096","version_comment":"shogo82148/actions-setup-mysql@v1.15.0","innodb_flushing_avg_loops":"30","wsrep_causal_reads":"OFF","innodb_log_files_in_group":"1","innodb_version":"10.6.12","wsrep_gtid_mode":"OFF","ignore_builtin_innodb":"OFF","wsrep_sst_receive_address":"AUTO","binlog_row_image":"FULL","":"366983742","performance_schema_events_statements_history_size":"-1","identity":"0","performance_schema_digests_size":"-1","max_binlog_stmt_cache_size":"18446744073709547520","innodb_buffer_pool_load_at_startup":"ON","wsrep_ignore_apply_errors":"7","ft_stopword_file":"(built-in)","binlog_commit_wait_usec":"100000","innodb_read_only_compressed":"OFF","innodb_stats_persistent":"ON","sync_frm":"ON","performance_schema_setup_actors_size":"-1","innodb_flush_sync":"ON","slave_transaction_retry_interval":"0","performance_schema_accounts_size":"-1","profiling":"OFF","innodb_stats_include_delete_marked":"OFF","performance_schema_max_prepared_statements_instances":"-1","myisam_block_size":"1024","max_rowid_filter_size":"131072","max_recursive_iterations":"1000","slave_load_tmpdir":"/tmp/actions-setup-mysql-UK4NGV/tmp","default_tmp_storage_engine":"","have_compress":"YES","wsrep_patch_version":"wsrep_26.22","system_time_zone":"UTC","performance_schema_max_thread_instances":"-1","wsrep_sst_donor":"","binlog_direct_non_transactional_updates":"OFF","log_bin_compress_min_len":"256","innodb_stats_traditional":"ON","max_join_size":"18446744073709551615","log_disabled_statements":"sp","progress_report_time":"5","join_buffer_size":"262144","relay_log_space_limit":"0","tmp_memory_table_size":"16777216","performance_schema_session_connect_attrs_size":"-1","enforce_storage_engine":"","thread_pool_exact_stats":"OFF","myisam_sort_buffer_size":"134216704","performance_schema_max_table_handles":"-1","performance_schema_max_stage_classes":"160","event_scheduler":"OFF","sql_select_limit":"18446744073709551615","protocol_version":"10","innodb_lru_flush_size":"32","license":"GPL","aria_block_size":"8192","preload_buffer_size":"32768","innodb_ft_user_stopword_table":"","net_read_timeout":"30","core_file":"OFF","innodb_defragment_n_pages":"7","max_length_for_sort_data":"1024","wsrep_replicate_myisam":"OFF","sql_log_bin":"ON","wsrep_node_address":"","ssl_cipher":"","old_alter_table":"DEFAULT","max_digest_length":"1024","innodb_io_capacity":"200","innodb_flush_method":"O_DIRECT","have_mrg_myisam":"YES","version":"10.6.12-MariaDB","innodb_force_primary_key":"OFF","innodb_status_output_locks":"OFF","profiling_history_size":"15","innodb_lock_wait_timeout":"50","histogram_size":"254","version_compile_os":"Linux","rpl_semi_sync_master_wait_no_slave":"ON","proxy_protocol_networks":"","performance_schema_max_file_instances":"-1","innodb_undo_tablespaces":"0","innodb_buf_dump_status_frequency":"0","innodb_data_file_path":"ibdata1:12M:autoextend","thread_pool_size":"2","innodb_tmpdir":"","max_binlog_size":"1073741824","innodb_adaptive_flushing_lwm":"10.000000","wsrep_slave_uk_checks":"OFF","optimizer_trace_max_mem_size":"1048576","query_cache_strip_comments":"OFF","completion_type":"NO_CHAIN","have_dynamic_loading":"YES","query_cache_wlock_invalidate":"OFF","sql_safe_updates":"OFF","stored_program_cache":"256","tmp_disk_table_size":"18446744073709551615","wsrep_load_data_splitting":"OFF","query_alloc_block_size":"16384","character_set_connection":"latin1","optimizer_max_sel_arg_weight":"32000","wsrep_gtid_seq_no":"0","performance_schema_setup_objects_size":"-1","auto_increment_increment":"1","have_performance_schema":"YES","encrypt_tmp_disk_tables":"OFF","aria_log_file_size":"1073741824","log_tc_size":"24576","lower_case_file_system":"OFF","ignore_db_dirs":"","warning_count":"0","pid_file":"/tmp/actions-setup-mysql-UK4NGV/tmp/mysqld.pid","optimizer_switch":"index_merge=on,index_merge_union=on,index_merge_sort_union=on,index_merge_intersection=on,index_merge_sort_intersection=off,engine_condition_pushdown=off,index_condition_pushdown=on,derived_merge=on,derived_with_keys=on,firstmatch=on,loosescan=on,materialization=on,in_to_exists=on,semijoin=on,partial_match_rowid_merge=on,partial_match_table_scan=on,subquery_cache=on,mrr=off,mrr_cost_based=off,mrr_sort_keys=off,outer_join_with_cache=on,semijoin_with_cache=on,join_cache_incremental=on,join_cache_hashed=on,join_cache_bka=on,optimize_join_buffer_size=on,table_elimination=on,extended_keys=on,exists_to_in=on,orderby_uses_equalities=on,condition_pushdown_for_derived=on,split_materialized=on,condition_pushdown_for_subquery=on,rowid_filter=on,condition_pushdown_from_having=on,not_null_range_scan=off","lc_messages_dir":"/opt/hostedtoolcache/mariadb/10.6.12/x64/share","histogram_type":"DOUBLE_PREC_HB","slave_net_timeout":"60","gtid_domain_id":"0","innodb_read_io_threads":"4","have_myisam":"YES","collation_server":"latin1_swedish_ci","socket":"/tmp/actions-setup-mysql-UK4NGV/tmp/mysql.sock","max_write_lock_count":"4294967295","innodb_file_per_table":"ON","log_bin_basename":"","metadata_locks_cache_size":"1024","performance_schema_max_thread_classes":"50","innodb_compression_failure_threshold_pct":"5","innodb_buffer_pool_chunk_size":"134217728","have_symlink":"YES","max_session_mem_used":"9223372036854775807","performance_schema_events_waits_history_size":"-1","max_prepared_stmt_count":"16382","ft_boolean_syntax":"+ -><()~*:\"\"&|","relay_log_purge":"ON","have_rtree_keys":"YES","wsrep_debug":"NONE","innodb_ft_sort_pll_degree":"2","performance_schema_max_statement_classes":"222","sync_relay_log_info":"10000","net_buffer_length":"16384","innodb_defragment_frequency":"40","innodb_stats_transient_sample_pages":"8","innodb_defragment_fill_factor":"0.900000","replicate_annotate_row_events":"ON","relay_log":"","rpl_semi_sync_slave_enabled":"OFF","max_insert_delayed_threads":"20","thread_handling":"one-thread-per-connection","ssl_ca":"/tmp/actions-setup-mysql-UK4NGV/var/ca.pem","date_format":"%Y-%m-%d","ssl_key":"/tmp/actions-setup-mysql-UK4NGV/var/server-key.pem","innodb_autoextend_increment":"64","performance_schema_events_statements_history_long_size":"-1","init_slave":"","in_predicate_conversion_threshold":"1000","wsrep_cluster_address":"","myisam_stats_method":"NULLS_UNEQUAL","innodb_defragment":"OFF","log_bin_compress":"OFF","wsrep_strict_ddl":"OFF","bind_address":"*","log_slow_filter":"admin,filesort,filesort_on_disk,filesort_priority_queue,full_join,full_scan,query_cache,query_cache_miss,tmp_table,tmp_table_on_disk","aria_pagecache_buffer_size":"134217728","keep_files_on_create":"OFF","log_warnings":"2","performance_schema_max_cond_classes":"90","idle_write_transaction_timeout":"0","innodb_ft_max_token_size":"84","old":"OFF","aria_group_commit_interval":"0","eq_range_index_dive_limit":"200","old_mode":"UTF8_IS_UTF8MB3","binlog_cache_size":"32768","session_track_transaction_info":"OFF","performance_schema_events_stages_history_long_size":"-1","metadata_locks_hash_instances":"8","innodb_monitor_enable":"","gtid_binlog_pos":"","gtid_cleanup_batch_size":"64","wsrep_sst_method":"rsync","ssl_crl":"","gtid_binlog_state":"","slave_transaction_retries":"10","delay_key_write":"ON","hostname":"fv-az574-349","innodb_log_buffer_size":"16777216","innodb_compression_level":"6","slave_max_allowed_packet":"1073741824","secure_auth":"ON","default_week_format":"0","performance_schema_max_program_instances":"-1","skip_parallel_replication":"OFF","rpl_semi_sync_master_enabled":"OFF","log_slow_admin_statements":"ON","master_verify_checksum":"OFF","binlog_optimize_thread_scheduling":"ON","log_slave_updates":"OFF","lower_case_table_names":"0","innodb_max_dirty_pages_pct_lwm":"0.000000","innodb_purge_batch_size":"300","interactive_timeout":"28800","ft_query_expansion_limit":"20","performance_schema_max_socket_classes":"10","default_regex_flags":"","wsrep_dirty_reads":"OFF","updatable_views_with_limit":"YES","max_heap_table_size":"16777216","log_bin_index":"","thread_pool_priority":"auto","innodb_checksum_algorithm":"full_crc32","extra_port":"0","slave_parallel_mode":"optimistic","slave_compressed_protocol":"OFF","innodb_fast_shutdown":"1","innodb_buffer_pool_dump_at_shutdown":"ON","connect_timeout":"10","slow_query_log":"OFF","max_sp_recursion_depth":"0","myisam_recover_options":"BACKUP,QUICK","host_cache_size":"279","innodb_online_alter_log_max_size":"134217728","log_output":"FILE","innodb_ft_total_cache_size":"640000000","innodb_support_xa":"ON","innodb_compression_default":"OFF","innodb_adaptive_hash_index_parts":"8","aria_repair_threads":"1","delayed_insert_timeout":"300","optimizer_trace":"enabled=off","_temporal_format":"ON","innodb_rollback_on_timeout":"OFF","wsrep_data_home_dir":"/tmp/actions-setup-mysql-UK4NGV/var/","last_gtid":"","server_id":"1","last_insert_id":"0","aria_page_checksum":"ON","timestamp":"1679589534.111485","report_password":"","innodb_encrypt_temporary_tables":"OFF","log_slow_disabled_statements":"sp","performance_schema_events_waits_history_long_size":"-1","wsrep_dbug_option":"","innodb_deadlock_detect":"ON","binlog_expire_logs_seconds":"0","innodb_ft_enable_stopword":"ON","aria_force_start_after_recovery_failures":"0","require_secure_transport":"OFF","wsrep_gtid_domain_id":"0","sync_binlog":"0","explicit_defaults_for_timestamp":"OFF","character_sets_dir":"/opt/hostedtoolcache/mariadb/10.6.12/x64/share/charsets/","innodb_ft_enable_diag_print":"OFF","innodb_undo_log_truncate":"OFF","innodb_adaptive_hash_index":"OFF","large_files_support":"ON","gtid_ignore_duplicates":"OFF","query_cache_min_res_unit":"4096","aria_sync_log_dir":"NEWFILE","max_sort_length":"1024","wsrep_sync_wait":"0","version_malloc_library":"system","wait_timeout":"28800","innodb_change_buffer_max_size":"25","read_only":"OFF","wsrep_certification_rules":"strict","innodb_sync_spin_loops":"30","innodb_ft_cache_size":"8000000","error_count":"0","port":"3306","innodb_ft_result_cache_limit":"2000000000","innodb_immediate_scrub_data_uncompressed":"OFF","have_aria":"YES","innodb_buffer_pool_load_abort":"OFF","innodb_buffer_pool_instances":"1","innodb_purge_rseg_truncate_frequency":"128","performance_schema_max_table_lock_stat":"-1","sql_notes":"ON","aria_pagecache_division_limit":"100","session_track_system_variables":"autocommit,character_set_client,character_set_connection,character_set_results,time_zone","innodb_ft_server_stopword_table":"","max_connections":"151","proxy_user":"","max_user_connections":"0","general_log":"OFF","performance_schema_max_mutex_classes":"210","max_statement_time":"0.000000","aria_recover_options":"BACKUP,QUICK","max_seeks_for_key":"4294967295","column_compression_zlib_level":"6","sql_auto_is_null":"OFF","character_set_server":"latin1","wsrep_certify_nonpk":"ON","performance_schema_max_metadata_locks":"-1","old_passwords":"OFF","innodb_prefix_index_cluster_optimization":"OFF","collation_connection":"latin1_swedish_ci","bulk_insert_buffer_size":"8388608","innodb_encryption_threads":"0","innodb_max_purge_lag_wait":"4294967295","aria_checkpoint_log_activity":"1048576","extra_max_connections":"1","max_error_count":"64","innodb_default_row_format":"dynamic","innodb_encryption_rotate_key_age":"1","init_connect":"","deadlock_timeout_long":"50000000","innodb_stats_method":"nulls_equal","binlog_row_metadata":"NO_LOG","innodb_use_atomic_writes":"ON","character_set_client":"latin1","ft_min_word_len":"4","have_csv":"YES","innodb_status_output":"OFF","wsrep_osu_method":"TOI","optimizer_use_condition_selectivity":"4","gtid_strict_mode":"OFF","back_log":"80","innodb_monitor_reset":"","group_concat_max_len":"1048576","innodb_stats_persistent_sample_pages":"20","report_user":"","wsrep_slave_threads":"1","delayed_queue_size":"1000","key_cache_division_limit":"100","default_password_lifetime":"0","encrypt_tmp_files":"OFF","myisam_repair_threads":"1","aria_group_commit":"none","innodb_fill_factor":"100","wsrep_node_incoming_address":"AUTO","aria_used_for_temp_tables":"ON","character_set_filesystem":"binary","ssl_capath":"","innodb_io_capacity_max":"2000","myisam_mmap_size":"18446744073709551615","large_page_size":"0","wsrep_provider_options":"","character_set_system":"utf8mb3","tcp_keepalive_interval":"0","ssl_cert":"/tmp/actions-setup-mysql-UK4NGV/var/server-cert.pem","wsrep_start_position":"00000000-0000-0000-0000-000000000000:-1","datetime_format":"%Y-%m-%d %H:%i:%s","slave_parallel_threads":"0","innodb_max_undo_log_size":"10485760","sort_buffer_size":"2097152","relay_log_index":"","performance_schema_max_socket_instances":"-1","innodb_ft_aux_table":"","deadlock_search_depth_short":"4","have_profiling":"YES","key_cache_file_hash_size":"512","table_open_cache_instances":"8","tx_isolation":"REPEATABLE-READ","have_innodb":"YES","skip_replication":"OFF","join_buffer_space_limit":"2097152","replicate_ignore_db":"","innodb_autoinc_lock_mode":"1","innodb_stats_modified_counter":"0","performance_schema_max_rwlock_instances":"-1","innodb_compression_pad_pct_max":"50","performance_schema_max_file_handles":"32768","innodb_undo_directory":"./","wsrep_max_ws_rows":"0","deadlock_timeout_short":"10000","innodb_ft_num_word_optimize":"2000","binlog_commit_wait_count":"0","open_files_limit":"32184","log_bin":"OFF","innodb_max_purge_lag_delay":"0","wsrep_convert_lock_to_trx":"OFF","locked_in_memory":"OFF","replicate_wild_ignore_table":"","long_query_time":"10.000000","lc_time_names":"en_US","rpl_semi_sync_slave_kill_conn_timeout":"5","performance_schema_max_file_classes":"80","max_password_errors":"4294967295","big_tables":"OFF","wsrep_mysql_replication_bundle":"0","have_crypt":"YES","gtid_current_pos":"","innodb_data_home_dir":"","character_set_results":"latin1","read_buffer_size":"131072","div_precision_increment":"4","time_format":"%H:%i:%s","performance_schema_max_index_stat":"-1","innodb_read_ahead_threshold":"56","innodb_spin_wait_delay":"4","innodb_log_write_ahead_size":"8192","binlog_checksum":"CRC32","disconnect_on_expired_password":"OFF","key_cache_block_size":"1024","slave_ddl_exec_mode":"IDEMPOTENT","key_cache_age_threshold":"300","mrr_buffer_size":"262144","innodb_encryption_rotation_iops":"100","log_slow_verbosity":"","wsrep_cluster_name":"my_wsrep_cluster","innodb_default_encryption_key_id":"1","read_rnd_buffer_size":"262144","sql_mode":"STRICT_TRANS_TABLES,ERROR_FOR_DIVISION_BY_ZERO,NO_AUTO_CREATE_USER,NO_ENGINE_SUBSTITUTION","myisam_data_pointer_size":"6","replicate_wild_do_table":"","innodb_open_files":"2000","system_versioning_asof":"DEFAULT","log_queries_not_using_indexes":"OFF","net_write_timeout":"60","skip_external_locking":"ON","wsrep_auto_increment_control":"ON","net_retry_count":"10","performance_schema_users_size":"-1","wsrep_node_name":"fv-az574-349","innodb_disable_sort_file_cache":"OFF","performance_schema_max_table_instances":"-1","expire_logs_days":"0.000000","performance_schema_max_digest_length":"1024","sql_big_selects":"ON","userstat":"OFF","slave_skip_errors":"OFF","performance_schema":"OFF","innodb_max_purge_lag":"0","aria_encrypt_tables":"OFF","basedir":"/opt/hostedtoolcache/mariadb/10.6.12/x64/","wsrep_retry_autocommit":"1","myisam_max_sort_file_size":"9223372036853727232","thread_pool_stall_limit":"500","have_galera":"NO","performance_schema_events_transactions_history_size":"-1","lock_wait_timeout":"86400"},"Engine":{"Aria":{"Data Size":"16384","Total Size":"32768","Enabled":"YES","Table Number":"1","Index Size":"16384"},"MEMORY":{"Enabled":"YES"},"PERFORMANCE_SCHEMA":{"Enabled":"YES"},"MRG_MyISAM":{"Enabled":"YES"},"SEQUENCE":{"Enabled":"YES"},"CSV":{"Enabled":"YES"},"MyISAM":{"Enabled":"YES"},"InnoDB":{"Index Size":"5816320","Table Number":"6","Data Size":"148111360","Total Size":"153927680","Enabled":"DEFAULT"}},"MySQLTuner":{"version":"2.1.1","datetime":"23-03-2023 16:38:53\n","options":{"pass":"root","silent":0,"user":"root","host":"127.0.0.1","nobad":0,"cvefile":"./vulnerabilities.csv","color":0,"passwordfile":"0","noidxstat":0,"nopfstat":0,"nocolor":1,"updateversion":0,"bannedports":"","noask":0,"password":0,"ssl-ca":"0","reportfile":"0","colstat":0,"checkversion":"1","json":"1","nodbstat":0,"maxportallowed":0,"protocol":"tcp","nosysstat":0,"server-log":"","nogood":0,"skippassword":"0","template":"0","forcemem":0,"socket":"0","notbstat":0,"forceswap":0,"outputfile":"0","defaults-file":"","port":3306,"prettyjson":0,"noinfo":0,"tbstat":1,"dumpdir":"/home/runner/work/MySQLTuner-perl/MySQLTuner-perl/examples/github/result/mariadb/10.6","defaults-extra-file":"","nocolstat":0,"buffers":"1","pfstat":1,"noprocess":0,"debug":0,"verbose":1,"dbstat":1,"idxstat":1,"sysstat":1,"skipsize":"0"}},"PctAutoIncrement":{"mysql.time_zone":"0.00"},"Recommendations":["setup swappiness lower or equals to 10","setup Max running number events greater than 1M","Remove Anonymous User accounts - there are 2 anonymous accounts.","Set up a Secure Password for 'root'@'localhost' user: SET PASSWORD FOR 'root'@'localhost' = PASSWORD('secure_password');","Set up a Secure Password for root@localhost user: SET PASSWORD FOR 'root'@'localhost' = PASSWORD('secure_password');","1 user(s) used basic or weak password from basic dictionary.","MySQL was started within the last 24 hours: recommendations may be inaccurate","Configure your accounts with ip or subnets only, then update your configuration with skip-name-resolve=1","Performance schema should be activated for better diagnostics","Before changing innodb_log_file_size and/or innodb_log_files_in_group read this: https://bit.ly/2TcGgtU"],"Performance_schema":{"pretty_memory":"0B","memory":0},"AdjustVariables":["vm.swappiness <= 10 (echo 10 > /proc/sys/vm/swappiness)","fs.aio-max-nr > 1M (echo 1048576 > /proc/sys/fs/aio-max-nr)","skip-name-resolve=1","performance_schema=ON","innodb_buffer_pool_size (>= 146.8M) if possible.","innodb_log_file_size should be (=32M) if possible, so InnoDB total log file size equals 25% of buffer pool size."],"Status":{"Performance_schema_users_lost":"0","Table_open_cache_hits":"201","Innodb_encryption_n_temp_blocks_decrypted":"0","Innodb_system_rows_updated":"0","Com_lock_tables":"0","Master_gtid_wait_time":"0","Com_show_keys":"0","Com_flush":"1","Open_streams":"4","Innodb_os_log_pending_writes":"0","Innodb_data_pending_fsyncs":"0","Open_files":"29","Queries":"216","Com_preload_keys":"0","Rpl_semi_sync_master_tx_wait_time":"0","Innodb_page_size":"16384","Open_table_definitions":"27","Rpl_semi_sync_master_get_ack":"0","Com_show_create_trigger":"0","Innodb_defragment_compression_failures":"0","Com_show_profile":"0","Tc_log_page_size":"0","Handler_icp_attempts":"0","Innodb_buffer_pool_pages_flushed":"13472","Rpl_semi_sync_master_status":"OFF","Subquery_cache_hit":"0","Innodb_num_pages_page_decompressed":"0","Innodb_data_written":"220726118","Com_show_table_status":"0","Slave_heartbeat_period":"0.000","Innodb_ibuf_free_list":"0","Com_grant_role":"0","Com_xa_prepare":"0","Delayed_insert_threads":"0","Com_drop_table":"1","Rpl_semi_sync_slave_status":"OFF","Com_savepoint":"0","Innodb_buffer_pool_pages_made_not_young":"1640001","Handler_icp_match":"0","Innodb_data_pending_writes":"0","Com_update":"0","Rpl_semi_sync_master_net_wait_time":"0","Com_show_package_status":"0","Innodb_truncated_status_writes":"0","Innodb_encryption_rotation_estimated_iops":"0","Feature_xml":"0","Com_grant":"0","Com_xa_rollback":"0","Acl_proxy_users":"2","Innodb_pages_created":"13833","Innodb_encryption_num_key_requests":"0","Slave_running":"OFF","Innodb_buffer_pool_pages_made_young":"92","Innodb_system_rows_read":"0","Innodb_buffer_pool_pages_lru_flushed":"96","Performance_schema_digest_lost":"0","Com_commit":"0","Qcache_inserts":"0","Handler_read_prev":"0","Innodb_background_log_sync":"50","Ssl_ctx_verify_depth":"18446744073709551615","Innodb_encryption_rotation_pages_read_from_cache":"0","Acl_roles":"0","Innodb_encryption_n_rowlog_blocks_decrypted":"0","Key_blocks_used":"0","Connection_errors_select":"0","Delete_scan":"0","Max_used_connections":"1","Com_load":"0","Column_decompressions":"0","Rpl_transactions_multi_engine":"0","Com_insert":"168","Com_change_master":"0","Com_show_engine_logs":"0","Com_show_create_user":"0","Innodb_have_lzma":"ON","Com_show_create_table":"0","Com_rename_user":"0","Slave_skipped_errors":"0","Innodb_num_pages_page_compressed":"0","Com_select":"17","Com_alter_event":"0","wsrep":"0","Binlog_snapshot_position":"0","Com_create_index":"0","Rpl_semi_sync_master_timefunc_failures":"0","Com_repair":"0","Not_flushed_delayed_rows":"0","Performance_schema_file_instances_lost":"0","Rpl_status":"AUTH_MASTER","Innodb_log_waits_computed":0,"Com_drop_trigger":"0","Connection_errors_max_connections":"0","Qcache_not_cached":"0","Performance_schema_cond_classes_lost":"0","Com_create_temporary_table":"0","Feature_check_constraint":"1","Binlog_snapshot_file":"","Innodb_log_writes":"285","Handler_tmp_delete":"0","Innodb_ibuf_merges":"0","Innodb_num_pages_encrypted":"0","Com_show_tables":"0","Innodb_defragment_failures":"0","Ssl_server_not_before":"Mar 23 16:38:04 2023 GMT","Com_admin_commands":"1","Busy_time":"0.000000","Connections":"12","Prepared_stmt_count":"0","Innodb_buffer_pool_load_incomplete":"OFF","Com_analyze":"0","wsrep_cluster_conf_id":"18446744073709551615","Innodb_ibuf_merged_delete_marks":"0","Performance_schema_session_connect_attrs_lost":"0","Innodb_pages_read":"828","Key_blocks_not_flushed":"0","Com_show_create_package":"0","Slave_received_heartbeats":"0","Innodb_row_lock_time_avg":"0","Questions":"216","Open_tables":"20","Innodb_have_snappy":"OFF","Com_xa_recover":"0","Empty_queries":"0","Update_scan":"0","Com_execute_sql":"0","Innodb_buffer_pool_load_status":"Buffer pool(s) load completed at 230323 16:38:04","Com_purge":"0","Com_show_fields":"0","wsrep_cluster_state_uuid":"","Ssl_server_not_after":"Mar 20 16:38:04 2033 GMT","Ssl_session_cache_misses":"0","Innodb_row_lock_current_waits":"0","Tc_log_page_waits":"0","Com_drop_sequence":"0","Com_xa_commit":"0","Handler_read_next":"1","Com_stop_slave":"0","Innodb_buffer_pool_bytes_dirty":"24739840","Slow_launch_threads":"0","Com_show_package_body_status":"0","Ssl_finished_connects":"0","Com_create_function":"0","Innodb_os_log_fsyncs":"282","Delayed_writes":"0","Handler_savepoint_rollback":"0","Innodb_lsn_last_checkpoint":"269042347","Performance_schema_mutex_classes_lost":"0","wsrep_ready":"OFF","Ssl_cipher_list":"TLS_AES_256_GCM_SHA384:TLS_CHACHA20_POLY1305_SHA256:TLS_AES_128_GCM_SHA256:ECDHE-ECDSA-AES256-GCM-SHA384:ECDHE-RSA-AES256-GCM-SHA384:DHE-RSA-AES256-GCM-SHA384:ECDHE-ECDSA-CHACHA20-POLY1305:ECDHE-RSA-CHACHA20-POLY1305:DHE-RSA-CHACHA20-POLY1305:ECDHE-ECDSA-AES128-GCM-SHA256:ECDHE-RSA-AES128-GCM-SHA256:DHE-RSA-AES128-GCM-SHA256:ECDHE-ECDSA-AES256-SHA384:ECDHE-RSA-AES256-SHA384:DHE-RSA-AES256-SHA256:ECDHE-ECDSA-AES128-SHA256:ECDHE-RSA-AES128-SHA256:DHE-RSA-AES128-SHA256:ECDHE-ECDSA-AES256-SHA:ECDHE-RSA-AES256-SHA:DHE-RSA-AES256-SHA:ECDHE-ECDSA-AES128-SHA:ECDHE-RSA-AES128-SHA:DHE-RSA-AES128-SHA:RSA-PSK-AES256-GCM-SHA384:DHE-PSK-AES256-GCM-SHA384:RSA-PSK-CHACHA20-POLY1305:DHE-PSK-CHACHA20-POLY1305:ECDHE-PSK-CHACHA20-POLY1305:AES256-GCM-SHA384:PSK-AES256-GCM-SHA384:PSK-CHACHA20-POLY1305:RSA-PSK-AES128-GCM-SHA256:DHE-PSK-AES128-GCM-SHA256:AES128-GCM-SHA256:PSK-AES128-GCM-SHA256:AES256-SHA256:AES128-SHA256:ECDHE-PSK-AES256-CBC-SHA384:ECDHE-PSK-AES256-CBC-SHA:SRP-RSA-AES-256-CBC-SHA:SRP-AES-256-CBC-SHA:RSA-PSK-AES256-CBC-SHA384:DHE-PSK-AES256-CBC-SHA384:RSA-PSK-AES256-CBC-SHA:DHE-PSK-AES256-CBC-SHA:AES256-SHA:PSK-AES256-CBC-SHA384:PSK-AES256-CBC-SHA:ECDHE-PSK-AES128-CBC-SHA256:ECDHE-PSK-AES128-CBC-SHA:SRP-RSA-AES-128-CBC-SHA:SRP-AES-128-CBC-SHA:RSA-PSK-AES128-CBC-SHA256:DHE-PSK-AES128-CBC-SHA256:RSA-PSK-AES128-CBC-SHA:DHE-PSK-AES128-CBC-SHA:AES128-SHA:PSK-AES128-CBC-SHA256:PSK-AES128-CBC-SHA","Performance_schema_cond_instances_lost":"0","Rpl_semi_sync_master_wait_sessions":"0","Com_compound_sql":"0","Feature_fulltext":"0","Max_statement_time_exceeded":"0","Com_shutdown":"0","Last_query_cost":"0.000000","Com_install_plugin":"0","Innodb_ibuf_size":"1","Sort_priority_queue_sorts":"0","Handler_read_rnd_next":"1871","Ssl_sessions_reused":"0","Select_range":"0","Slaves_connected":"0","Com_begin":"0","Qcache_total_blocks":"1","Acl_database_grants":"2","Com_backup":"0","Select_scan":"7","Com_replace":"0","Com_revoke_all":"0","wsrep_provider_capabilities":"","Innodb_defragment_count":"0","Ssl_session_cache_size":"128","Bytes_received":"172292393","Com_show_slave_status":"0","Com_drop_package_body":"0","Key_read_requests":"0","Com_show_relaylog_events":"0","Com_drop_function":"0","Com_stmt_reset":"0","Com_kill":"0","Created_tmp_tables":"7","Com_show_engine_mutex":"0","Com_stmt_send_long_data":"0","Innodb_page_compression_saved":"0","Executed_triggers":"0","Innodb_mem_adaptive_hash":"0","Feature_dynamic_columns":"0","Ssl_ctx_verify_mode":"5","Binlog_cache_disk_use":"0","Ssl_default_timeout":"7200","Com_drop_event":"0","Innodb_log_waits":"0","Com_show_create_proc":"0","Rpl_semi_sync_master_no_times":"0","Threads_created":"1","Com_create_trigger":"0","Com_drop_db":"1","Innodb_lsn_current":"302904072","Binlog_group_commits":"0","Aborted_connects":"0","Innodb_buffer_pool_read_ahead_rnd":"0","Com_stmt_execute":"0","Innodb_encryption_rotation_pages_modified":"0","Com_create_table":"6","Com_call_procedure":"0","Com_show_procedure_status":"0","Com_show_contributors":"0","Rpl_semi_sync_master_no_tx":"0","Performance_schema_thread_instances_lost":"0","Com_drop_user":"0","Performance_schema_file_handles_lost":"0","Com_show_grants":"0","Feature_timezone":"0","wsrep_applier_thread_count":"0","Key_writes":"0","Column_compressions":"0","wsrep_local_bf_aborts":"0","Com_show_collations":"0","Innodb_data_writes":"13785","Binlog_stmt_cache_use":"0","Com_unlock_tables":"0","Innodb_onlineddl_rowlog_rows":"0","Com_create_package_body":"0","Com_create_procedure":"0","Slave_retried_transactions":"0","Com_reset":"0","Qcache_queries_in_cache":"0","Innodb_lsn_flushed":"302543576","Uptime_since_flush_status":"50","Rpl_semi_sync_master_request_ack":"0","Acl_package_body_grants":"0","Innodb_encryption_n_merge_blocks_decrypted":"0","Com_uninstall_plugin":"0","Innodb_buffer_pool_pages_old":"2975","Com_create_sequence":"0","Qcache_hits":"0","Innodb_checkpoint_max_age":"80827823","Com_show_create_package_body":"0","Innodb_master_thread_idle_loops":"50","Innodb_rows_read":"0","Threads_connected":"1","Com_show_explain":"0","Com_show_errors":"0","Com_show_profiles":"0","Innodb_dblwr_writes":"28","Select_full_range_join":"0","Com_insert_select":"0","Handler_read_first":"3","Com_show_generic":"0","Com_show_databases":"0","Connection_errors_tcpwrap":"0","Feature_subquery":"2","Handler_write":"3919015","Com_xa_end":"0","Rows_read":"13","Acl_role_grants":"0","Innodb_buffer_pool_bytes_data":"132907008","Com_start_slave":"0","Innodb_system_rows_deleted":"0","Aria_pagecache_blocks_unused":"15635","Feature_gis":"0","Com_revoke":"0","Binlog_group_commit_trigger_lock_wait":"0","Qcache_free_blocks":"1","wsrep_cluster_status":"Disconnected","Acl_procedure_grants":"0","Innodb_ibuf_discarded_delete_marks":"0","Com_alter_table":"0","Innodb_num_pages_decrypted":"0","Com_ha_read":"0","Innodb_have_lzo":"OFF","Com_alter_db_upgrade":"0","Com_show_events":"0","Slave_connections":"0","Innodb_row_lock_time":"0","Innodb_dblwr_pages_written":"870","Qcache_free_memory":"1031304","Innodb_adaptive_hash_non_hash_searches":"0","Innodb_buffer_pool_pages_free":"0","Innodb_encryption_n_rowlog_blocks_encrypted":"0","Com_alter_sequence":"0","Performance_schema_metadata_lock_lost":"0","Com_show_processlist":"0","Innodb_have_punch_hole":"ON","Innodb_rows_deleted":"0","Key_reads":"0","Innodb_master_thread_active_loops":"0","Com_alter_tablespace":"0","Master_gtid_wait_count":"0","Com_create_event":"0","Com_delete_multi":"0","Handler_read_rnd":"0","Com_show_create_event":"0","Feature_invisible_columns":"0","Handler_commit":"180","Executed_events":"0","Performance_schema_statement_classes_lost":"0","Performance_schema_memory_classes_lost":"0","Handler_tmp_write":"1848","Handler_external_lock":"0","Ssl_session_cache_mode":"SERVER","Master_gtid_wait_timeouts":"0","Feature_json":"1","Com_signal":"0","Com_do":"0","Innodb_rows_inserted":"3919015","Com_binlog":"0","Aria_pagecache_blocks_used":"12","Com_show_status":"2","Handler_read_key":"65","Aria_pagecache_writes":"0","Com_stmt_fetch":"0","Ssl_verify_mode":"5","Handler_read_retry":"0","Com_drop_view":"0","Innodb_pages_written":"13472","Innodb_buffer_pool_dump_status":"","Rpl_semi_sync_master_yes_tx":"0","Innodb_buffer_pool_wait_free":"3","Com_rollback":"0","Com_show_engine_status":"0","Feature_custom_aggregate_functions":"0","Table_open_cache_overflows":"0","Innodb_num_page_compressed_trim_op":"0","Com_rollback_to_savepoint":"0","Com_alter_server":"0","Innodb_onlineddl_rowlog_pct_used":"0","Table_locks_waited":"0","Opened_files":"101","Com_prepare_sql":"0","Innodb_max_trx_id":"393","Key_write_requests":"0","Threadpool_threads":"0","Com_update_multi":"0","Key_blocks_unused":"107163","Com_drop_role":"0","Binlog_bytes_written":"0","Binlog_cache_use":"0","Innodb_buffer_pool_pages_data":"8112","Handler_delete":"0","Performance_schema_file_classes_lost":"0","Delayed_errors":"0","Innodb_buffer_pool_read_requests":"37342278","Handler_update":"1","Ssl_callback_cache_hits":"0","Slow_queries":"0","Created_tmp_files":"4","Com_create_server":"0","Com_show_binlog_status":"0","Com_xa_start":"0","Innodb_ibuf_merged_inserts":"0","Innodb_rows_updated":"0","Innodb_row_lock_waits":"0","Com_show_create_db":"0","Innodb_encryption_rotation_pages_read_from_disk":"0","Handler_discover":"0","Innodb_checkpoint_age":"33861725","Acl_table_grants":"1","Acl_package_spec_grants":"0","Innodb_os_log_pending_fsyncs":"0","Resultset_metadata_skipped":"0","Acl_function_grants":"0","wsrep_provider_vendor":"","Innodb_deadlocks":"0","Handler_read_rnd_deleted":"0","Ssl_cipher":"TLS_AES_256_GCM_SHA384","Performance_schema_prepared_statements_lost":"0","Innodb_adaptive_hash_hash_searches":"0","Feature_insert_returning":"0","Performance_schema_rwlock_classes_lost":"0","Transactions_gtid_foreign_engine":"0","wsrep_provider_name":"","Tc_log_max_pages_used":"0","Com_show_storage_engines":"0","Innodb_buffer_pool_pages_lru_freed":"0","Subquery_cache_miss":"0","Innodb_secondary_index_triggered_cluster_reads_avoided":"0","Com_execute_immediate":"0","Rpl_semi_sync_master_tx_waits":"0","Com_drop_index":"0","Com_create_udf":"0","Binlog_group_commit_trigger_count":"0","Opened_plugin_libraries":"0","Performance_schema_accounts_lost":"0","Rows_tmp_read":"1845","Com_assign_to_keycache":"0","Com_alter_db":"0","Transactions_multi_engine":"0","Innodb_num_open_files":"12","Innodb_num_pages_page_compression_error":"0","wsrep_local_index":"18446744073709551615","Performance_schema_table_lock_stat_lost":"0","Innodb_data_fsyncs":"951","Com_help":"0","Handler_rollback":"0","Table_open_cache_active_instances":"1","Rpl_semi_sync_master_clients":"0","Qcache_lowmem_prunes":"0","Sort_range":"0","wsrep_thread_count":"0","Select_full_join":"0","Feature_trigger":"0","Rpl_semi_sync_master_net_waits":"0","Memory_used":"35088576","Innodb_data_reads":"843","Ssl_client_connects":"0","Ssl_connect_renegotiates":"0","Innodb_undo_truncations":"0","Performance_schema_mutex_instances_lost":"0","Innodb_buffer_pool_resize_status":"","wsrep_provider_version":"","Table_open_cache_misses":"28","Com_revoke_role":"0","Com_rename_table":"0","Handler_read_last":"0","Innodb_buffer_pool_pages_total":"8112","Sort_rows":"0","Innodb_encryption_n_merge_blocks_encrypted":"0","Performance_schema_program_lost":"0","Com_show_triggers":"0","Rpl_semi_sync_master_wait_pos_backtraverse":"0","Rpl_semi_sync_master_net_avg_wait_time":"0","Com_change_db":"1","Innodb_onlineddl_pct_progress":"0","Com_set_option":"3","Innodb_ibuf_merged_deletes":"0","Select_range_check":"0","Com_show_slave_hosts":"0","Com_drop_temporary_table":"0","Com_release_savepoint":"0","wsrep_cluster_capabilities":"","Com_show_variables":"3","Com_show_binlog_events":"0","Com_show_binlogs":"0","Aborted_connects_preauth":"0","Performance_schema_hosts_lost":"0","Com_create_db":"2","Com_stop_all_slaves":"0","Ssl_version":"TLSv1.3","Connection_errors_peer_address":"0","Com_get_diagnostics":"0","Acl_column_grants":"0","Com_checksum":"0","Com_create_view":"2","Com_drop_package":"0","Performance_schema_locker_lost":"0","Innodb_encryption_n_temp_blocks_encrypted":"0","Sort_scan":"0","Access_denied_errors":"0","wsrep_cluster_size":"0","Innodb_instant_alter_column":"0","Com_replace_select":"0","Innodb_system_rows_inserted":"0","Innodb_secondary_index_triggered_cluster_reads":"0","Feature_locale":"0","Ssl_finished_accepts":"6","Com_check":"0","wsrep_connected":"OFF","Performance_schema_socket_classes_lost":"0","Uptime":"50","Threads_cached":"0","Com_ha_close":"0","Com_show_plugins":"0","Sort_merge_passes":"0","Handler_tmp_update":"0","Memory_used_initial":"34448200","Innodb_buffer_pool_pages_dirty":"1510","Aria_pagecache_reads":"14","Slaves_running":"0","Created_tmp_disk_tables":"0","Com_create_role":"0","Innodb_data_read":"13565952","Ssl_accept_renegotiates":"0","Innodb_mem_dictionary":"869160","Com_dealloc_sql":"0","Cpu_time":"0.000000","Feature_delay_key_write":"0","Com_alter_function":"0","Innodb_data_pending_reads":"0","Performance_schema_table_handles_lost":"0","Innodb_ibuf_segment_size":"2","Connection_errors_accept":"0","Acl_users":"7","Performance_schema_stage_classes_lost":"0","Performance_schema_thread_classes_lost":"0","Ssl_session_cache_overflows":"0","Performance_schema_socket_instances_lost":"0","Innodb_buffer_pool_write_requests":"12149377","Binlog_commits":"0","Aria_transaction_log_syncs":"1","Innodb_buffer_pool_pages_misc":"0","Connection_errors_internal":"0","Aria_pagecache_write_requests":"0","Aborted_clients":"0","Innodb_row_lock_time_max":"0","Com_purge_before_date":"0","Innodb_os_log_written":"303558656","Feature_window_functions":"0","Performance_schema_table_instances_lost":"0","Innodb_available_undo_logs":"128","Com_truncate":"0","Rpl_semi_sync_master_tx_avg_wait_time":"0","Com_backup_lock":"0","Handler_mrr_key_refills":"0","Com_show_function_status":"0","Innodb_buffer_pool_read_ahead_evicted":"38","Slave_open_temp_tables":"0","Ssl_used_session_cache_entries":"0","Performance_schema_nested_statement_lost":"0","Opened_views":"1","Com_show_create_func":"0","Opened_table_definitions":"32","Com_show_charsets":"0","Com_stmt_close":"0","Ssl_session_cache_timeouts":"0","Aria_pagecache_read_requests":"17","Compression":"OFF","Handler_mrr_init":"0","Ssl_accepts":"6","Feature_application_time_periods":"0","Com_show_warnings":"0","Com_drop_server":"0","Performance_schema_index_stat_lost":"0","wsrep_rollbacker_thread_count":"0","Innodb_encryption_rotation_pages_flushed":"0","Com_stmt_reprepare":"0","Threadpool_idle_threads":"0","Com_show_open_tables":"0","Bytes_sent":"74565","Com_resignal":"0","Innodb_history_list_length":"195","Aria_pagecache_blocks_not_flushed":"1","Com_show_authors":"0","Com_alter_procedure":"0","Table_locks_immediate":"54","Com_stmt_prepare":"0","Threads_running":"1","Innodb_ibuf_discarded_inserts":"0","Com_ha_open":"0","Com_show_privileges":"0","Com_create_user":"0","Handler_savepoint":"0","Com_optimize":"0","Opened_tables":"27","Syncs":"82","Handler_prepare":"0","Com_empty_query":"0","Rows_sent":"1860","Ssl_verify_depth":"18446744073709551615","Binlog_group_commit_trigger_timeout":"0","Com_drop_procedure":"0","Innodb_ibuf_discarded_deletes":"0","Rpl_semi_sync_slave_send_ack":"0","Ssl_session_cache_hits":"0","Innodb_buffer_pool_reads":"828","Performance_schema_rwlock_instances_lost":"0","Innodb_buffer_pool_read_ahead":"0","Com_start_all_slaves":"0","Com_delete":"0","Handler_mrr_rowid_refills":"0","Innodb_log_write_requests":"14389","Com_create_package":"0","Binlog_stmt_cache_disk_use":"0","":"ON","Feature_system_versioning":"0","Key_blocks_warm":"0","Com_alter_user":"0"},"MySQL Client":{"TCP port":"3306","Current user":"root@localhost","Authentication Info":"-u root -p'root'  --protocol=tcp","Client characterset":"latin1","Current database":"","Admin Path":"/usr/bin/mysqladmin","Protocol version":"10","Uptime":"50 sec","Client Path":"/usr/bin/mysql","SSL":"Cipher in use is TLS_AES_256_GCM_SHA384","Db     characterset":"latin1","Conn.  characterset":"latin1","Version":"10.6.12","Connection":"localhost via TCP/IP","Server characterset":"latin1","Server version":"5.5.5-10.6.12-MariaDB shogo82148/actions-setup-mysql@v1.15.0"}}