{"Galera":{"GCache":{"memory":"0","pretty_memory":"0B"}},"Indexes":{"PRIMARY(emp_no)":{"Sequence number":"1","Selectivity":"100.00","Row number":"331570","Number of column":"2","Cardinality":"331570","Index Type":"BTREE","Column":"employees.dept_emp"},"dept_no(dept_no)":{"Sequence number":"1","Selectivity":"100.00","Row number":"24","Number of column":"1","Cardinality":"24","Index Type":"BTREE","Column":"employees.dept_manager"},"PRIMARY(from_date)":{"Column":"employees.titles","Index Type":"BTREE","Cardinality":"442248","Number of column":"3","Row number":"442248","Selectivity":"100.00","Sequence number":"3"},"PRIMARY(dept_no)":{"Selectivity":"100.00","Row number":"331570","Sequence number":"2","Index Type":"BTREE","Column":"employees.dept_emp","Number of column":"2","Cardinality":"331570"}},"MySQL Client":{"Current user":"root@localhost","Version":"10.5.19","TCP port":"3306","Client Path":"/usr/bin/mysql","Protocol version":"10","Client characterset":"latin1","Conn.  characterset":"latin1","Uptime":"40 sec","Authentication Info":"-u root -p'root'  --protocol=tcp","Current database":"","Admin Path":"/usr/bin/mysqladmin","Db     characterset":"latin1","Server characterset":"latin1","SSL":"Cipher in use is TLS_AES_256_GCM_SHA384","Connection":"localhost via TCP/IP","Server version":"5.5.5-10.5.19-MariaDB shogo82148/actions-setup-mysql@v1.15.0"},"Databases":{"List":["data","employees","information_schema","mysql","performance_schema","test"],"employees":{"Collations":"1","Data Pct":"96.22%","Index Pct":"3.78%","Rows":"3911745","Index Size":"5816320","Data Size":"148111360","Total Size":"153927680","Tables":"8"},"All databases":{"Total Size":"153927680","Rows":"3911745","Data Size":"148111360","Index Size":"5816320","Index Pct":"3.78%","Data Pct":"96.22%"}},"OS":{"Uptime":" 16:38:51 up 2 min,  0 users,  load average: 1.11, 0.43, 0.16\n","Load Average":"top - 16:38:50 up 2 min,  0 users,  load average: 1.11, 0.43, 0.16\n","NbCore":"2","Physical Memory":{"bytes":"7281278976","pretty":"6.8G"},"Free Memory RAM":"               total        used        free      shared  buff/cache   available\nMem:            6943         790        1795           7        4358        5838\nSwap:           4095           0        4095\n","Architecture":"64 bits","Swap Memory":{"pretty":"4.0G","bytes":"4294963200"},"Other Processes":{"bytes":131330048,"pretty":"125.2M"},"Hostname":"fv-az442-473\n","Logged users":"","Type":"GNU/Linux\n","Release":"Ubuntu 22.04.2 LTS","Config":{"vm.swappiness":"60\n","fs.file-max":"9223372036854775807\n","fs.aio-max-nr":"65536\n","sunrpc.tcp_slot_table_entries":"","sunrpc.tcp_max_slot_table_entries":"","sunrpc.tcp_fin_timeout":"","fs.aio-nr":"0\n"},"Virtual Machine":"YES","Kernel":"5.15.0-1034-azure\n","OS Type":"Linux"},"Filesystem":{"Free Space":{"/mnt":"9396508","/boot/efi":"100677"},"Total Space":{"/mnt":"14341128","/boot/efi":"106858"},"Space Pct":{"/boot/efi":"6","/mnt":"31"},"Used Space":{"/boot/efi":"6182","/mnt":"4194336"},"Inode Pct":{"/mnt":"1","/":"10"}},"Status":{"Com_alter_server":"0","Innodb_defragment_count":"0","Aborted_clients":"0","Innodb_mem_dictionary":"875928","Slave_running":"OFF","Rpl_semi_sync_master_yes_tx":"0","Handler_read_prev":"0","Com_show_engine_mutex":"0","Key_blocks_used":"0","Transactions_multi_engine":"0","Max_used_connections":"1","Ssl_server_not_after":"Mar 20 16:38:00 2033 GMT","Performance_schema_table_handles_lost":"0","Innodb_encryption_n_rowlog_blocks_encrypted":"0","Innodb_have_punch_hole":"ON","Open_streams":"4","Com_show_processlist":"0","Performance_schema_accounts_lost":"0","Memory_used":"34995352","Ssl_callback_cache_hits":"0","Handler_tmp_delete":"0","wsrep_cluster_conf_id":"18446744073709551615","Com_create_udf":"0","Ssl_version":"TLSv1.3","Created_tmp_disk_tables":"0","Performance_schema_nested_statement_lost":"0","Com_rollback_to_savepoint":"0","Com_alter_tablespace":"0","Connection_errors_internal":"0","Com_show_create_event":"0","Innodb_encryption_rotation_pages_modified":"0","Aria_transaction_log_syncs":"1","Innodb_num_pages_decrypted":"0","Innodb_buffer_pool_read_ahead_rnd":"0","Com_replace_select":"0","Handler_read_retry":"0","Performance_schema_metadata_lock_lost":"0","Executed_events":"0","Innodb_ibuf_discarded_deletes":"0","Com_show_create_func":"0","Select_full_join":"0","Acl_package_body_grants":"0","Ssl_finished_connects":"0","Com_show_package_status":"0","Com_show_privileges":"0","Handler_read_next":"1","wsrep_rollbacker_thread_count":"0","Bytes_sent":"75853","wsrep_cluster_status":"Disconnected","Ssl_session_cache_overflows":"0","Innodb_log_writes":"276","Com_show_keys":"0","Com_rollback":"0","Com_grant_role":"0","Com_insert":"168","Com_alter_procedure":"0","Innodb_system_rows_deleted":"0","Innodb_ibuf_merged_inserts":"0","Innodb_dblwr_writes":"19","Innodb_os_log_pending_fsyncs":"0","Handler_update":"1","Binlog_group_commit_trigger_lock_wait":"0","Connections":"12","Qcache_total_blocks":"1","Com_execute_sql":"0","Com_change_db":"1","Com_create_user":"0","Com_lock_tables":"0","Compression":"OFF","Acl_column_grants":"0","Innodb_data_pending_writes":"0","Com_show_warnings":"0","Rows_read":"13","Com_drop_server":"0","Innodb_buffer_pool_pages_misc":"0","Handler_tmp_update":"0","Slave_heartbeat_period":"0.000","Innodb_system_rows_inserted":"0","Com_show_grants":"0","Acl_table_grants":"1","Com_create_index":"0","Binlog_group_commit_trigger_count":"0","Com_show_profiles":"0","Innodb_ibuf_segment_size":"2","Com_show_events":"0","Aria_pagecache_blocks_used":"12","Com_change_master":"0","Ssl_used_session_cache_entries":"0","Subquery_cache_miss":"0","Com_empty_query":"0","Innodb_ibuf_merged_delete_marks":"0","Innodb_data_pending_fsyncs":"0","Rpl_semi_sync_slave_status":"OFF","Com_alter_table":"0","Innodb_buffer_pool_pages_dirty":"1268","Com_show_plugins":"0","Innodb_row_lock_time_max":"0","Com_replace":"0","wsrep_thread_count":"0","Com_show_create_package_body":"0","Bytes_received":"172292397","Com_show_binlog_events":"0","Feature_gis":"0","Acl_function_grants":"0","Com_prepare_sql":"0","Com_binlog":"0","Sort_rows":"0","Com_show_charsets":"0","Column_compressions":"0","Table_open_cache_overflows":"0","Com_create_db":"2","wsrep_local_index":"18446744073709551615","Com_show_slave_hosts":"0","Innodb_pages_created":"12264","Innodb_deadlocks":"0","Ssl_accepts":"6","Innodb_log_write_requests":"15609","Com_create_view":"2","Slow_queries":"0","Innodb_page_size":"16384","Feature_trigger":"0","Threads_created":"1","Binlog_commits":"0","Innodb_pages_written":"10735","Com_create_server":"0","Performance_schema_session_connect_attrs_lost":"0","Innodb_have_snappy":"OFF","Innodb_defragment_failures":"0","Opened_views":"1","Ssl_sessions_reused":"0","Com_show_collations":"0","Innodb_buffer_pool_load_incomplete":"OFF","wsrep_cluster_state_uuid":"","Innodb_num_open_files":"12","Feature_invisible_columns":"0","Com_revoke":"0","Handler_delete":"0","Binlog_bytes_written":"0","Ssl_accept_renegotiates":"0","Innodb_mem_adaptive_hash":"0","Rpl_semi_sync_master_clients":"0","Com_show_tables":"0","Com_flush":"1","Created_tmp_tables":"7","Threadpool_threads":"0","Innodb_pages_read":"312","Com_create_table":"6","Queries":"216","Connection_errors_max_connections":"0","Innodb_buffer_pool_pages_made_not_young":"428728","Key_read_requests":"0","wsrep_ready":"OFF","Com_drop_view":"0","Binlog_group_commit_trigger_timeout":"0","Com_repair":"0","Feature_xml":"0","wsrep_applier_thread_count":"0","Feature_custom_aggregate_functions":"0","Com_show_storage_engines":"0","Com_drop_user":"0","Ssl_cipher":"TLS_AES_256_GCM_SHA384","Open_files":"28","Innodb_num_page_compressed_trim_op":"0","Feature_check_constraint":"1","Performance_schema_hosts_lost":"0","Subquery_cache_hit":"0","Qcache_hits":"0","Column_decompressions":"0","Com_signal":"0","Uptime_since_flush_status":"40","wsrep_local_bf_aborts":"0","Performance_schema_thread_instances_lost":"0","Busy_time":"0.000000","Com_xa_rollback":"0","Qcache_inserts":"0","Com_grant":"0","Com_stmt_reprepare":"0","Innodb_encryption_n_merge_blocks_decrypted":"0","Innodb_data_writes":"11036","Com_reset":"0","Com_analyze":"0","Handler_read_rnd":"0","Innodb_master_thread_active_loops":"28","Com_update_multi":"0","Opened_files":"100","Binlog_stmt_cache_disk_use":"0","Connection_errors_peer_address":"0","Ssl_session_cache_mode":"SERVER","Innodb_os_log_fsyncs":"273","Com_show_relaylog_events":"0","Innodb_buffer_pool_write_requests":"12159439","Com_xa_end":"0","Uptime":"40","Innodb_buffer_pool_pages_made_young":"2421","Com_show_explain":"0","Aria_pagecache_blocks_unused":"15635","Tc_log_page_size":"0","Innodb_buffer_pool_read_ahead_evicted":"16","Com_show_package_body_status":"0","Com_stmt_close":"0","Feature_delay_key_write":"0","Aborted_connects":"0","Innodb_system_rows_read":"0","Prepared_stmt_count":"0","Innodb_buffer_pool_read_requests":"37187898","Handler_discover":"0","Slaves_running":"0","Com_create_package":"0","Innodb_checkpoint_max_age":"80827823","Select_scan":"7","Ssl_verify_mode":"5","Sort_range":"0","Ssl_session_cache_hits":"0","Performance_schema_file_handles_lost":"0","Innodb_page_compression_saved":"0","Select_range":"0","Com_admin_commands":"1","Com_create_role":"0","Binlog_group_commits":"0","Com_dealloc_sql":"0","Innodb_ibuf_merges":"0","Com_drop_db":"1","Com_release_savepoint":"0","Com_stmt_fetch":"0","Ssl_verify_depth":"18446744073709551615","Innodb_have_lzo":"OFF","Qcache_lowmem_prunes":"0","Com_show_variables":"3","Com_show_engine_logs":"0","Com_compound_sql":"0","Innodb_have_lzma":"ON","Innodb_encryption_num_key_requests":"0","Innodb_undo_truncations":"0","Handler_read_rnd_deleted":"0","Innodb_onlineddl_rowlog_pct_used":"0","Com_show_create_trigger":"0","Innodb_encryption_rotation_pages_read_from_disk":"0","Com_show_create_package":"0","Performance_schema_stage_classes_lost":"0","Binlog_cache_use":"0","Slave_received_heartbeats":"0","Empty_queries":"0","Feature_application_time_periods":"0","Feature_json":"1","Com_show_procedure_status":"0","Ssl_ctx_verify_mode":"5","Innodb_encryption_n_temp_blocks_encrypted":"0","Innodb_encryption_rotation_pages_read_from_cache":"0","Performance_schema_cond_instances_lost":"0","Com_revoke_all":"0","Com_drop_sequence":"0","Performance_schema_memory_classes_lost":"0","Opened_plugin_libraries":"0","Handler_read_first":"3","Innodb_history_list_length":"14","Com_show_status":"2","Handler_icp_attempts":"0","Last_query_cost":"0.000000","Innodb_num_pages_encrypted":"0","Com_stmt_execute":"0","Com_update":"0","Threadpool_idle_threads":"0","Aria_pagecache_reads":"14","Com_alter_db":"0","Com_alter_event":"0","Innodb_adaptive_hash_non_hash_searches":"12139303","Com_install_plugin":"0","Threads_cached":"0","Innodb_background_log_sync":"40","Innodb_data_reads":"327","Innodb_master_thread_idle_loops":"12","Performance_schema_statement_classes_lost":"0","Com_stmt_prepare":"0","Innodb_ibuf_size":"1","Com_drop_function":"0","Innodb_os_log_pending_writes":"0","Com_uninstall_plugin":"0","Com_start_slave":"0","Slave_open_temp_tables":"0","Innodb_ibuf_merged_deletes":"0","Handler_read_key":"65","Com_preload_keys":"0","Innodb_onlineddl_pct_progress":"0","Aria_pagecache_writes":"0","Ssl_ctx_verify_depth":"18446744073709551615","Rpl_semi_sync_master_request_ack":"0","Com_show_create_user":"0","Innodb_ibuf_discarded_delete_marks":"0","Com_show_triggers":"0","Threads_running":"1","Com_show_function_status":"0","Table_locks_immediate":"54","Slow_launch_threads":"0","Master_gtid_wait_timeouts":"0","Com_drop_procedure":"0","Rpl_transactions_multi_engine":"0","Performance_schema_thread_classes_lost":"0","Com_xa_commit":"0","Com_savepoint":"0","Feature_locale":"0","Innodb_buffer_pool_wait_free":"1","Innodb_encryption_n_merge_blocks_encrypted":"0","Memory_used_initial":"34394608","Questions":"216","Acl_package_spec_grants":"0","Com_start_all_slaves":"0","Innodb_lsn_current":"303022538","Handler_savepoint":"0","Com_show_errors":"0","Innodb_num_pages_page_decompressed":"0","Rows_tmp_read":"1884","Innodb_buffer_pool_read_ahead":"0","Slave_retried_transactions":"0","Acl_procedure_grants":"0","Com_backup":"0","Qcache_free_blocks":"1","Com_stmt_send_long_data":"0","Rpl_semi_sync_master_wait_sessions":"0","Binlog_cache_disk_use":"0","Aria_pagecache_blocks_not_flushed":"1","Performance_schema_prepared_statements_lost":"0","Table_open_cache_misses":"28","Com_stop_slave":"0","Handler_read_rnd_next":"1910","Rpl_semi_sync_slave_send_ack":"0","Acl_users":"7","Innodb_encryption_rotation_estimated_iops":"0","Com_drop_package_body":"0","Com_drop_package":"0","Com_revoke_role":"0","Transactions_gtid_foreign_engine":"0","Com_show_create_db":"0","Rpl_semi_sync_master_tx_waits":"0","Com_alter_function":"0","Table_open_cache_active_instances":"1","Com_check":"0","Handler_rollback":"0","Com_begin":"0","Innodb_buffer_pool_pages_data":"7810","Feature_insert_returning":"0","Connection_errors_select":"0","Innodb_log_waits":"0","Ssl_session_cache_timeouts":"0","Tc_log_max_pages_used":"0","Innodb_instant_alter_column":"0","Com_call_procedure":"0","Innodb_buffer_pool_reads":"312","Com_alter_user":"0","Rpl_semi_sync_master_net_avg_wait_time":"0","Com_ha_read":"0","Com_shutdown":"0","Delayed_errors":"0","Feature_system_versioning":"0","Com_checksum":"0","Rpl_semi_sync_master_timefunc_failures":"0","Handler_mrr_key_refills":"0","Com_show_create_table":"0","Com_get_diagnostics":"0","Com_kill":"0","Innodb_buffer_pool_load_status":"Buffer pool(s) load completed at 230323 16:38:00","Innodb_buffer_pool_pages_total":"8065","Sort_scan":"0","Feature_dynamic_columns":"0","Com_drop_role":"0","Innodb_onlineddl_rowlog_rows":"0","Connection_errors_tcpwrap":"0","Innodb_encryption_n_rowlog_blocks_decrypted":"0","Innodb_secondary_index_triggered_cluster_reads":"0","Performance_schema_users_lost":"0","Slave_connections":"0","Innodb_buffer_pool_pages_free":"255","Innodb_buffer_pool_resize_status":"","Handler_savepoint_rollback":"0","Com_rename_user":"0","Aborted_connects_preauth":"0","Com_show_profile":"0","Innodb_dblwr_pages_written":"299","Handler_prepare":"0","Ssl_default_timeout":"7200","Com_multi":"0","Performance_schema_table_lock_stat_lost":"0","Binlog_stmt_cache_use":"0","Opened_tables":"27","Innodb_ibuf_discarded_inserts":"0","Ssl_finished_accepts":"6","Com_resignal":"0","Rpl_semi_sync_master_no_tx":"0","Master_gtid_wait_count":"0","Com_select":"17","Performance_schema_table_instances_lost":"0","Rpl_semi_sync_master_tx_wait_time":"0","Performance_schema_socket_classes_lost":"0","Cpu_time":"0.000000","Feature_window_functions":"0","Innodb_available_undo_logs":"128","Com_create_package_body":"0","Handler_external_lock":"0","Rpl_semi_sync_master_tx_avg_wait_time":"0","Innodb_num_pages_page_compressed":"0","Innodb_row_lock_time_avg":"0","wsrep_provider_vendor":"","Com_show_engine_status":"0","Key_reads":"0","Com_create_sequence":"0","Rpl_semi_sync_master_net_waits":"0","Executed_triggers":"0","Com_create_event":"0","wsrep":"0","Com_assign_to_keycache":"0","Com_xa_prepare":"0","Sort_merge_passes":"0","wsrep_cluster_capabilities":"","Delayed_writes":"0","Innodb_row_lock_waits":"0","Key_blocks_unused":"107163","Com_drop_event":"0","Innodb_rows_read":"0","Com_create_function":"0","Com_show_authors":"0","Com_truncate":"0","Com_stop_all_slaves":"0","Performance_schema_socket_instances_lost":"0","Select_full_range_join":"0","wsrep_provider_name":"","Com_ha_open":"0","Com_show_fields":"0","Innodb_row_lock_time":"0","Com_xa_start":"0","Innodb_buffer_pool_bytes_dirty":"20774912","Innodb_rows_inserted":"3919015","Performance_schema_file_classes_lost":"0","Innodb_buffer_pool_pages_lru_flushed":"32","Open_tables":"20","wsrep_connected":"OFF","Slaves_connected":"0","Innodb_rows_updated":"0","Innodb_data_pending_reads":"0","Com_delete_multi":"0","Performance_schema_cond_classes_lost":"0","Com_drop_trigger":"0","Innodb_buffer_pool_pages_old":"2902","Access_denied_errors":"0","Open_table_definitions":"27","Innodb_buffer_pool_bytes_data":"127959040","Feature_subquery":"2","Com_purge_before_date":"0","Com_show_contributors":"0","Rpl_semi_sync_master_net_wait_time":"0","Sort_priority_queue_sorts":"0","Feature_fulltext":"0","Handler_tmp_write":"1887","Handler_write":"3919015","Com_rename_table":"0","Innodb_buffer_pool_dump_status":"","Binlog_snapshot_file":"","Com_create_temporary_table":"0","Rpl_semi_sync_master_wait_pos_backtraverse":"0","Innodb_encryption_n_temp_blocks_decrypted":"0","Com_stmt_reset":"0","Handler_read_last":"0","Com_create_trigger":"0","Syncs":"30","Key_blocks_not_flushed":"0","Ssl_connect_renegotiates":"0","Performance_schema_file_instances_lost":"0","Innodb_max_trx_id":"431","Performance_schema_program_lost":"0","Max_statement_time_exceeded":"0","Aria_pagecache_read_requests":"17","Handler_mrr_rowid_refills":"0","Com_insert_select":"0","Key_blocks_warm":"0","Created_tmp_files":"4","Com_drop_table":"1","Ssl_cipher_list":"TLS_AES_256_GCM_SHA384:TLS_CHACHA20_POLY1305_SHA256:TLS_AES_128_GCM_SHA256:ECDHE-ECDSA-AES256-GCM-SHA384:ECDHE-RSA-AES256-GCM-SHA384:DHE-RSA-AES256-GCM-SHA384:ECDHE-ECDSA-CHACHA20-POLY1305:ECDHE-RSA-CHACHA20-POLY1305:DHE-RSA-CHACHA20-POLY1305:ECDHE-ECDSA-AES128-GCM-SHA256:ECDHE-RSA-AES128-GCM-SHA256:DHE-RSA-AES128-GCM-SHA256:ECDHE-ECDSA-AES256-SHA384:ECDHE-RSA-AES256-SHA384:DHE-RSA-AES256-SHA256:ECDHE-ECDSA-AES128-SHA256:ECDHE-RSA-AES128-SHA256:DHE-RSA-AES128-SHA256:ECDHE-ECDSA-AES256-SHA:ECDHE-RSA-AES256-SHA:DHE-RSA-AES256-SHA:ECDHE-ECDSA-AES128-SHA:ECDHE-RSA-AES128-SHA:DHE-RSA-AES128-SHA:RSA-PSK-AES256-GCM-SHA384:DHE-PSK-AES256-GCM-SHA384:RSA-PSK-CHACHA20-POLY1305:DHE-PSK-CHACHA20-POLY1305:ECDHE-PSK-CHACHA20-POLY1305:AES256-GCM-SHA384:PSK-AES256-GCM-SHA384:PSK-CHACHA20-POLY1305:RSA-PSK-AES128-GCM-SHA256:DHE-PSK-AES128-GCM-SHA256:AES128-GCM-SHA256:PSK-AES128-GCM-SHA256:AES256-SHA256:AES128-SHA256:ECDHE-PSK-AES256-CBC-SHA384:ECDHE-PSK-AES256-CBC-SHA:SRP-RSA-AES-256-CBC-SHA:SRP-AES-256-CBC-SHA:RSA-PSK-AES256-CBC-SHA384:DHE-PSK-AES256-CBC-SHA384:RSA-PSK-AES256-CBC-SHA:DHE-PSK-AES256-CBC-SHA:AES256-SHA:PSK-AES256-CBC-SHA384:PSK-AES256-CBC-SHA:ECDHE-PSK-AES128-CBC-SHA256:ECDHE-PSK-AES128-CBC-SHA:SRP-RSA-AES-128-CBC-SHA:SRP-AES-128-CBC-SHA:RSA-PSK-AES128-CBC-SHA256:DHE-PSK-AES128-CBC-SHA256:RSA-PSK-AES128-CBC-SHA:DHE-PSK-AES128-CBC-SHA:AES128-SHA:PSK-AES128-CBC-SHA256:PSK-AES128-CBC-SHA","Com_unlock_tables":"0","Com_set_option":"3","Com_purge":"0","Com_execute_immediate":"0","Com_drop_temporary_table":"0","Table_locks_waited":"0","Com_show_slave_status":"0","Innodb_log_waits_computed":0,"Handler_commit":"180","Performance_schema_digest_lost":"0","Slave_skipped_errors":"0","Key_writes":"0","Ssl_session_cache_size":"128","Key_write_requests":"0","Update_scan":"0","Innodb_secondary_index_triggered_cluster_reads_avoided":"0","Connection_errors_accept":"0","Com_do":"0","Innodb_truncated_status_writes":"0","Table_open_cache_hits":"201","Com_optimize":"0","Innodb_system_rows_updated":"0","Master_gtid_wait_time":"0","Innodb_checkpoint_age":"27895642","Aria_pagecache_write_requests":"0","Feature_timezone":"0","Binlog_snapshot_position":"0","Opened_table_definitions":"32","Handler_mrr_init":"0","Com_drop_index":"0","Innodb_data_written":"175882539","Innodb_rows_deleted":"0","Com_ha_close":"0","Innodb_encryption_rotation_pages_flushed":"0","Com_delete":"0","Rpl_semi_sync_master_no_times":"0","Innodb_data_fsyncs":"925","Innodb_ibuf_free_list":"0","Com_show_generic":"0","Acl_role_grants":"0","Com_load":"0","Com_show_binlogs":"0","Qcache_free_memory":"1031304","Performance_schema_rwlock_instances_lost":"0","Ssl_client_connects":"0","Performance_schema_locker_lost":"0","Qcache_not_cached":"0","Innodb_lsn_last_checkpoint":"275126896","Qcache_queries_in_cache":"0","Acl_proxy_users":"2","Com_help":"0","Tc_log_page_waits":"0","Innodb_row_lock_current_waits":"0","Com_alter_db_upgrade":"0","Innodb_os_log_written":"304037376","wsrep_provider_capabilities":"","Rpl_semi_sync_master_get_ack":"0","Acl_roles":"0","Rows_sent":"1899","Com_show_open_tables":"0","Not_flushed_delayed_rows":"0","Delete_scan":"0","Threads_connected":"1","":"ON","Innodb_adaptive_hash_hash_searches":"0","Com_show_databases":"0","Ssl_server_not_before":"Mar 23 16:38:00 2023 GMT","Rpl_semi_sync_master_status":"OFF","Innodb_lsn_flushed":"303022538","Performance_schema_mutex_instances_lost":"0","Com_backup_lock":"0","Delayed_insert_threads":"0","Performance_schema_mutex_classes_lost":"0","Com_create_procedure":"0","Com_show_table_status":"0","Com_xa_recover":"0","Innodb_buffer_pool_pages_flushed":"10735","Innodb_defragment_compression_failures":"0","Innodb_data_read":"5111808","Rpl_status":"AUTH_MASTER","Com_show_create_proc":"0","Com_commit":"0","Performance_schema_index_stat_lost":"0","Ssl_session_cache_misses":"0","Innodb_num_pages_page_compression_error":"0","Com_alter_sequence":"0","Select_range_check":"0","Com_show_binlog_status":"0","wsrep_provider_version":"","Performance_schema_rwlock_classes_lost":"0","wsrep_cluster_size":"0","Handler_icp_match":"0","Acl_database_grants":"2"},"Recommendations":["setup swappiness lower or equals to 10","setup Max running number events greater than 1M","Remove Anonymous User accounts - there are 2 anonymous accounts.","Set up a Secure Password for 'root'@'localhost' user: SET PASSWORD FOR 'root'@'localhost' = PASSWORD('secure_password');","Set up a Secure Password for root@localhost user: SET PASSWORD FOR 'root'@'localhost' = PASSWORD('secure_password');","1 user(s) used basic or weak password from basic dictionary.","MySQL was started within the last 24 hours: recommendations may be inaccurate","Configure your accounts with ip or subnets only, then update your configuration with skip-name-resolve=1","Performance schema should be activated for better diagnostics","Consider installing Sys schema from https://github.com/FromDual/mariadb-sys for MariaDB","Before changing innodb_log_file_size and/or innodb_log_files_in_group read this: https://bit.ly/2TcGgtU"],"CVE":{"nb":0},"MaxInt":"18446744073709551615","Tables":{"Fragmented tables":[]},"Variables":{"optimizer_max_sel_arg_weight":"32000","innodb_read_io_threads":"4","max_binlog_size":"1073741824","innodb_encryption_rotation_iops":"100","max_relay_log_size":"1073741824","ssl_crlpath":"","group_concat_max_len":"1048576","lc_time_names":"en_US","server_id":"1","performance_schema_accounts_size":"-1","myisam_max_sort_file_size":"9223372036853727232","max_connections":"151","progress_report_time":"5","tmpdir":"/tmp/actions-setup-mysql-EeNgcs/tmp","system_versioning_alter_history":"ERROR","aria_pagecache_age_threshold":"300","slave_transaction_retry_interval":"0","character_set_client":"latin1","tx_read_only":"OFF","error_count":"0","max_digest_length":"1024","binlog_commit_wait_usec":"100000","innodb_thread_concurrency":"0","ssl_ca":"/tmp/actions-setup-mysql-EeNgcs/var/ca.pem","idle_write_transaction_timeout":"0","last_gtid":"","report_host":"","innodb_max_purge_lag":"0","skip_replication":"OFF","aria_repair_threads":"1","performance_schema_max_file_handles":"32768","performance_schema_events_statements_history_size":"-1","character_set_system":"utf8","max_connect_errors":"100","wsrep_node_address":"","collation_connection":"latin1_swedish_ci","time_format":"%H:%i:%s","idle_transaction_timeout":"0","version_ssl_library":"OpenSSL 1.1.1t  7 Feb 2023","old_mode":"","aria_used_for_temp_tables":"ON","max_insert_delayed_threads":"20","tcp_nodelay":"ON","replicate_ignore_db":"","innodb_fatal_semaphore_wait_threshold":"600","plugin_maturity":"gamma","init_slave":"","proxy_protocol_networks":"","wsrep_recover":"OFF","innodb_flush_neighbors":"1","lc_messages_dir":"/opt/hostedtoolcache/mariadb/10.5.19/x64/share","secure_timestamp":"NO","performance_schema_events_transactions_history_long_size":"-1","optimizer_trace_max_mem_size":"1048576","tmp_table_size":"16777216","gtid_seq_no":"0","thread_handling":"one-thread-per-connection","performance_schema_events_waits_history_size":"-1","max_recursive_iterations":"4294967295","innodb_purge_rseg_truncate_frequency":"128","report_password":"","big_tables":"OFF","innodb_ft_server_stopword_table":"","rpl_semi_sync_slave_kill_conn_timeout":"5","thread_pool_oversubscribe":"3","extra_port":"0","innodb_use_native_aio":"OFF","innodb_fast_shutdown":"1","innodb_lru_scan_depth":"1536","innodb_background_scrub_data_compressed":"OFF","innodb_buffer_pool_load_at_startup":"ON","skip_parallel_replication":"OFF","log_slow_disabled_statements":"sp","histogram_type":"DOUBLE_PREC_HB","thread_cache_size":"151","max_error_count":"64","join_cache_level":"2","innodb_stats_persistent_sample_pages":"20","have_sequence":"YES","key_cache_block_size":"1024","innodb_page_cleaners":"1","aria_pagecache_file_hash_size":"512","innodb_purge_threads":"4","innodb_read_only":"OFF","local_infile":"ON","init_connect":"","low_priority_updates":"OFF","performance_schema_max_digest_length":"1024","thread_pool_exact_stats":"OFF","binlog_row_metadata":"NO_LOG","innodb_instant_alter_column_allowed":"add_drop_reorder","wsrep_slave_uk_checks":"OFF","aria_group_commit_interval":"0","column_compression_zlib_strategy":"DEFAULT_STRATEGY","max_binlog_cache_size":"18446744073709547520","default_password_lifetime":"0","gtid_pos_auto_engines":"","innodb_max_dirty_pages_pct_lwm":"0.000000","innodb_io_capacity_max":"2000","long_query_time":"10.000000","version_comment":"shogo82148/actions-setup-mysql@v1.15.0","performance_schema_max_socket_classes":"10","":"600349518","wsrep_gtid_mode":"OFF","performance_schema_events_statements_history_long_size":"-1","delay_key_write":"ON","innodb_cmp_per_index_enabled":"OFF","ssl_key":"/tmp/actions-setup-mysql-EeNgcs/var/server-key.pem","read_binlog_speed_limit":"0","log_disabled_statements":"sp","datadir":"/tmp/actions-setup-mysql-EeNgcs/var/","transaction_prealloc_size":"4096","innodb_optimize_fulltext_only":"OFF","aria_force_start_after_recovery_failures":"0","slave_load_tmpdir":"/tmp/actions-setup-mysql-EeNgcs/tmp","thread_pool_priority":"auto","character_set_server":"latin1","sql_if_exists":"OFF","innodb_compression_failure_threshold_pct":"5","have_geometry":"YES","aria_block_size":"8192","aria_log_purge_type":"immediate","wsrep_desync":"OFF","innodb_stats_traditional":"ON","host_cache_size":"279","innodb_thread_sleep_delay":"0","innodb_page_size":"16384","delayed_queue_size":"1000","wsrep_node_incoming_address":"AUTO","optimizer_prune_level":"1","slave_run_triggers_for_rbr":"NO","event_scheduler":"OFF","max_user_connections":"0","sync_master_info":"10000","have_crypt":"YES","wsrep_gtid_domain_id":"0","innodb_log_checksums":"ON","max_binlog_stmt_cache_size":"18446744073709547520","query_prealloc_size":"24576","slave_transaction_retry_errors":"1158,1159,1160,1161,1205,1213,1429,2013,12701","wsrep_data_home_dir":"/tmp/actions-setup-mysql-EeNgcs/var/","innodb_sync_array_size":"1","innodb_buffer_pool_instances":"1","innodb_autoinc_lock_mode":"1","character_set_results":"latin1","query_cache_wlock_invalidate":"OFF","innodb_temp_data_file_path":"ibtmp1:12M:autoextend","version":"10.5.19-MariaDB","innodb_force_recovery":"0","innodb_random_read_ahead":"OFF","version_source_revision":"f8a85af8ca1c937b8d4f847477bd282f80251cde","innodb_lru_flush_size":"32","histogram_size":"254","replicate_ignore_table":"","innodb_ft_total_cache_size":"640000000","net_write_timeout":"60","replicate_do_db":"","myisam_use_mmap":"OFF","aria_checkpoint_interval":"30","innodb_open_files":"2000","pid_file":"/tmp/actions-setup-mysql-EeNgcs/tmp/mysqld.pid","wsrep_trx_fragment_unit":"bytes","aria_sync_log_dir":"NEWFILE","innodb_disable_sort_file_cache":"OFF","pseudo_slave_mode":"OFF","pseudo_thread_id":"9","lock_wait_timeout":"86400","rpl_semi_sync_slave_enabled":"OFF","large_pages":"OFF","slave_net_timeout":"60","performance_schema_max_memory_classes":"320","tmp_memory_table_size":"16777216","binlog_commit_wait_count":"0","wsrep_causal_reads":"OFF","wsrep_dirty_reads":"OFF","innodb_log_buffer_size":"16777216","wsrep_osu_method":"TOI","old_alter_table":"DEFAULT","tls_version":"TLSv1.1,TLSv1.2,TLSv1.3","innodb_online_alter_log_max_size":"134217728","max_write_lock_count":"4294967295","preload_buffer_size":"32768","in_predicate_conversion_threshold":"1000","debug_no_thread_alarm":"OFF","userstat":"OFF","default_master_connection":"","max_sp_recursion_depth":"0","sql_select_limit":"18446744073709551615","gtid_binlog_pos":"","optimizer_search_depth":"62","thread_pool_prio_kickup_timer":"1000","innodb_adaptive_flushing":"ON","aria_stats_method":"nulls_unequal","key_cache_file_hash_size":"512","innodb_adaptive_max_sleep_delay":"0","wsrep_start_position":"00000000-0000-0000-0000-000000000000:-1","myisam_sort_buffer_size":"134216704","innodb_log_group_home_dir":"./","sync_relay_log_info":"10000","innodb_support_xa":"ON","character_set_connection":"latin1","flush":"OFF","max_allowed_packet":"16777216","innodb_immediate_scrub_data_uncompressed":"OFF","sql_log_off":"OFF","proxy_user":"","innodb_encrypt_tables":"OFF","delayed_insert_limit":"100","have_aria":"YES","innodb_max_purge_lag_delay":"0","innodb_scrub_log":"OFF","wsrep_trx_fragment_size":"0","log_tc_size":"24576","innodb_large_prefix":"","wsrep_load_data_splitting":"OFF","log_slow_verbosity":"","log_slow_slave_statements":"ON","performance_schema_max_prepared_statements_instances":"-1","slave_parallel_workers":"0","wsrep_sst_receive_address":"AUTO","min_examined_row_limit":"0","gtid_strict_mode":"OFF","rowid_merge_buff_size":"8388608","innodb_change_buffer_max_size":"25","innodb_old_blocks_pct":"37","sql_warnings":"OFF","log_slave_updates":"OFF","collation_database":"latin1_swedish_ci","basedir":"/opt/hostedtoolcache/mariadb/10.5.19/x64/","performance_schema_setup_actors_size":"-1","aria_max_sort_file_size":"9223372036853727232","log_bin_basename":"","performance_schema_max_thread_instances":"-1","log_bin_trust_function_creators":"OFF","license":"GPL","innodb_log_optimize_ddl":"OFF","column_compression_zlib_wrap":"OFF","slave_skip_errors":"OFF","innodb_write_io_threads":"4","tcp_keepalive_time":"0","performance_schema_max_table_lock_stat":"-1","thread_pool_stall_limit":"500","system_versioning_asof":"DEFAULT","core_file":"OFF","innodb_concurrency_tickets":"0","innodb_io_capacity":"200","bulk_insert_buffer_size":"8388608","port":"3306","performance_schema_session_connect_attrs_size":"-1","standard_compliant_cte":"ON","table_definition_cache":"400","performance_schema_events_waits_history_long_size":"-1","range_alloc_block_size":"4096","innodb_print_all_deadlocks":"OFF","sql_safe_updates":"OFF","tcp_keepalive_probes":"0","read_rnd_buffer_size":"262144","connect_timeout":"10","innodb_purge_batch_size":"300","optimizer_selectivity_sampling_limit":"100","net_buffer_length":"16384","character_set_filesystem":"binary","slave_parallel_mode":"optimistic","innodb_buffer_pool_dump_now":"OFF","wsrep_sync_wait":"0","query_cache_type":"OFF","rpl_semi_sync_slave_delay_master":"OFF","relay_log_index":"","ignore_db_dirs":"","version_compile_os":"Linux","slave_parallel_max_queued":"131072","have_galera":"NO","performance_schema_max_mutex_classes":"210","skip_name_resolve":"OFF","query_cache_size":"1048576","have_innodb":"YES","performance_schema_setup_objects_size":"-1","innodb_ft_max_token_size":"84","wsrep_convert_lock_to_trx":"OFF","div_precision_increment":"4","profiling":"OFF","performance_schema":"OFF","external_user":"","identity":"0","wsrep_patch_version":"wsrep_26.22","expire_logs_days":"0","master_verify_checksum":"OFF","myisam_stats_method":"NULLS_UNEQUAL","wsrep_node_name":"fv-az442-473","ft_query_expansion_limit":"20","innodb_autoextend_increment":"64","innodb_background_scrub_data_uncompressed":"OFF","table_open_cache":"2000","relay_log":"","net_retry_count":"10","performance_schema_hosts_size":"-1","innodb_ft_enable_diag_print":"OFF","performance_schema_users_size":"-1","version_compile_machine":"x86_64","max_password_errors":"4294967295","have_profiling":"YES","encrypt_tmp_files":"OFF","thread_pool_idle_timeout":"60","replicate_annotate_row_events":"ON","locked_in_memory":"OFF","innodb_table_locks":"ON","ft_boolean_syntax":"+ -><()~*:\"\"&|","innodb_log_files_in_group":"1","innodb_encrypt_log":"OFF","delayed_insert_timeout":"300","rpl_semi_sync_master_wait_no_slave":"ON","wsrep_strict_ddl":"OFF","wsrep_dbug_option":"","wsrep_sr_store":"table","log_bin_compress_min_len":"256","innodb_ft_min_token_size":"3","performance_schema_max_table_instances":"-1","max_rowid_filter_size":"131072","have_dynamic_loading":"YES","_temporal_format":"ON","wsrep_max_ws_size":"2147483647","system_time_zone":"UTC","profiling_history_size":"15","binlog_direct_non_transactional_updates":"OFF","mrr_buffer_size":"262144","plugin_dir":"/opt/hostedtoolcache/mariadb/10.5.19/x64/lib/plugin/","innodb_flush_sync":"ON","innodb_status_output":"OFF","storage_engine":"InnoDB","keep_files_on_create":"OFF","innodb_checksum_algorithm":"full_crc32","gtid_domain_id":"0","ft_max_word_len":"84","aria_log_file_size":"1073741824","binlog_row_image":"FULL","innodb_defragment_fill_factor":"0.900000","completion_type":"NO_CHAIN","collation_server":"latin1_swedish_ci","performance_schema_max_rwlock_instances":"-1","innodb_lock_wait_timeout":"50","slave_max_allowed_packet":"1073741824","relay_log_recovery":"OFF","column_compression_zlib_level":"6","performance_schema_max_socket_instances":"-1","ft_stopword_file":"(built-in)","slow_query_log_file":"fv-az442-473-slow.log","gtid_cleanup_batch_size":"64","wsrep_sst_method":"rsync","wsrep_cluster_address":"","have_symlink":"YES","wsrep_sst_auth":"","default_storage_engine":"InnoDB","innodb_monitor_reset_all":"","wsrep_slave_fk_checks":"ON","session_track_state_change":"OFF","innodb_default_row_format":"dynamic","innodb_buf_dump_status_frequency":"0","innodb_buffer_pool_chunk_size":"134217728","ssl_cert":"/tmp/actions-setup-mysql-EeNgcs/var/server-cert.pem","have_myisam":"YES","myisam_mmap_size":"18446744073709551615","gtid_slave_pos":"","performance_schema_events_transactions_history_size":"-1","log_slow_admin_statements":"ON","innodb_ft_cache_size":"8000000","explicit_defaults_for_timestamp":"OFF","ssl_crl":"","performance_schema_max_thread_classes":"50","innodb_stats_on_metadata":"OFF","aria_checkpoint_log_activity":"1048576","slave_transaction_retries":"10","performance_schema_max_file_instances":"-1","skip_external_locking":"ON","log_bin_compress":"OFF","read_only":"OFF","key_cache_age_threshold":"300","innodb_buffer_pool_filename":"ib_buffer_pool","wait_timeout":"28800","innodb_sync_spin_loops":"30","have_csv":"YES","log_slow_rate_limit":"1","sql_slave_skip_counter":"0","transaction_alloc_block_size":"8192","innodb_strict_mode":"ON","innodb_stats_include_delete_marked":"OFF","thread_pool_dedicated_listener":"OFF","slave_ddl_exec_mode":"IDEMPOTENT","general_log":"OFF","rpl_semi_sync_master_wait_point":"AFTER_COMMIT","metadata_locks_cache_size":"1024","innodb_max_purge_lag_wait":"4294967295","wsrep_provider_options":"","timestamp":"1679589520.320749","have_query_cache":"YES","innodb_commit_concurrency":"0","skip_networking":"OFF","table_open_cache_instances":"8","aria_page_checksum":"ON","lower_case_file_system":"OFF","innodb_ft_enable_stopword":"ON","binlog_checksum":"CRC32","log_warnings":"2","max_prepared_stmt_count":"16382","innodb_monitor_reset":"","binlog_format":"MIXED","log_queries_not_using_indexes":"OFF","performance_schema_max_cond_instances":"-1","strict_password_validation":"ON","net_read_timeout":"30","innodb_stats_modified_counter":"0","innodb_prefix_index_cluster_optimization":"OFF","aria_pagecache_buffer_size":"134217728","slave_domain_parallel_threads":"0","analyze_sample_percentage":"100.000000","slow_query_log":"OFF","wsrep_provider":"none","max_delayed_threads":"20","innodb_rollback_on_timeout":"OFF","innodb_old_blocks_time":"1000","have_performance_schema":"YES","auto_increment_increment":"1","have_threadpool":"NO","skip_show_database":"OFF","innodb_buffer_pool_size":"134217728","innodb_buffer_pool_load_abort":"OFF","check_constraint_checks":"ON","sync_frm":"ON","relay_log_purge":"ON","innodb_defragment_n_pages":"7","slave_compressed_protocol":"OFF","innodb_background_scrub_data_check_interval":"0","optimizer_trace":"enabled=off","ignore_builtin_innodb":"OFF","innodb_file_per_table":"ON","innodb_flush_log_at_timeout":"1","deadlock_timeout_long":"50000000","metadata_locks_hash_instances":"8","_workaround":"OFF","performance_schema_max_mutex_instances":"-1","aria_recover_options":"BACKUP,QUICK","relay_log_info_file":"relay-log.info","default_tmp_storage_engine":"","slow_launch_time":"2","performance_schema_events_stages_history_long_size":"-1","column_compression_threshold":"100","encrypt_tmp_disk_tables":"OFF","aria_pagecache_division_limit":"100","deadlock_timeout_short":"10000","performance_schema_events_stages_history_size":"-1","optimizer_use_condition_selectivity":"4","wsrep_max_ws_rows":"0","sql_log_bin":"ON","init_file":"","relay_log_space_limit":"0","relay_log_basename":"","thread_pool_max_threads":"65536","character_set_database":"latin1","replicate_events_marked_for_skip":"REPLICATE","autocommit":"ON","max_session_mem_used":"9223372036854775807","log_bin_index":"","log_error":"","log_bin":"OFF","protocol_version":"10","have_compress":"YES","have_mrg_myisam":"YES","have_openssl":"YES","innodb_ft_result_cache_limit":"2000000000","large_files_support":"ON","sort_buffer_size":"2097152","performance_schema_max_stage_classes":"160","innodb_undo_tablespaces":"0","binlog_optimize_thread_scheduling":"ON","concurrent_insert":"AUTO","innodb_status_output_locks":"OFF","wsrep_auto_increment_control":"ON","wsrep_ignore_apply_errors":"7","innodb_undo_directory":"./","socket":"/tmp/actions-setup-mysql-EeNgcs/tmp/mysql.sock","encrypt_binlog":"OFF","last_insert_id":"0","thread_pool_size":"2","deadlock_search_depth_long":"15","innodb_defragment_frequency":"40","back_log":"80","innodb_max_dirty_pages_pct":"90.000000","automatic_sp_privileges":"ON","performance_schema_digests_size":"-1","innodb_stats_persistent":"ON","have_ssl":"YES","eq_range_index_dive_limit":"200","innodb_encryption_rotate_key_age":"1","sql_quote_show_create":"ON","innodb_stats_transient_sample_pages":"8","key_cache_segments":"0","replicate_do_table":"","lc_messages":"en_US","old":"OFF","wsrep_forced_binlog_format":"NONE","performance_schema_max_sql_text_length":"1024","innodb_version":"10.5.19","wsrep_certification_rules":"strict","innodb_buffer_pool_dump_at_shutdown":"ON","performance_schema_max_statement_stack":"10","innodb_ft_sort_pll_degree":"2","sql_buffer_result":"OFF","innodb_data_home_dir":"","innodb_buffer_pool_load_now":"OFF","innodb_ft_user_stopword_table":"","query_cache_limit":"1048576","default_week_format":"0","innodb_log_compressed_pages":"ON","wsrep_restart_slave":"OFF","innodb_monitor_enable":"","innodb_adaptive_flushing_lwm":"10.000000","report_port":"3306","key_buffer_size":"134217728","wsrep_slave_threads":"1","auto_increment_offset":"1","slave_exec_mode":"STRICT","innodb_log_file_size":"100663296","innodb_ft_num_word_optimize":"2000","expensive_subquery_limit":"100","read_buffer_size":"131072","innodb_undo_log_truncate":"OFF","performance_schema_max_cond_classes":"90","time_zone":"SYSTEM","version_malloc_library":"system","binlog_annotate_row_events":"ON","session_track_schema":"ON","rpl_semi_sync_slave_trace_level":"32","lower_case_table_names":"0","replicate_wild_ignore_table":"","innodb_deadlock_detect":"ON","max_sort_length":"1024","large_page_size":"0","log_output":"FILE","innodb_default_encryption_key_id":"1","secure_file_priv":"","innodb_defragment_fill_factor_n_recs":"20","slave_type_conversions":"","innodb_lock_schedule_algorithm":"fcfs","innodb_stats_method":"nulls_equal","wsrep_sst_donor_rejects_queries":"OFF","rpl_semi_sync_master_timeout":"10000","innodb_encrypt_temporary_tables":"OFF","innodb_file_format":"","innodb_read_ahead_threshold":"56","aria_sort_buffer_size":"268434432","sql_big_selects":"ON","slave_sql_verify_checksum":"ON","innodb_background_scrub_data_interval":"0","innodb_flush_method":"fsync","innodb_compression_default":"OFF","open_files_limit":"32184","innodb_buffer_pool_dump_pct":"25","innodb_change_buffering":"none","performance_schema_max_program_instances":"-1","log_slow_filter":"admin,filesort,filesort_on_disk,filesort_priority_queue,full_join,full_scan,query_cache,query_cache_miss,tmp_table,tmp_table_on_disk","date_format":"%Y-%m-%d","rpl_semi_sync_master_enabled":"OFF","old_passwords":"OFF","join_buffer_size":"262144","myisam_data_pointer_size":"6","wsrep_mysql_replication_bundle":"0","stored_program_cache":"256","innodb_force_load_corrupted":"OFF","performance_schema_max_table_handles":"-1","query_alloc_block_size":"16384","hostname":"fv-az442-473","innodb_flushing_avg_loops":"30","innodb_monitor_disable":"","character_sets_dir":"/opt/hostedtoolcache/mariadb/10.5.19/x64/share/charsets/","innodb_compression_pad_pct_max":"50","performance_schema_max_statement_classes":"222","wsrep_notify_cmd":"","wsrep_cluster_name":"my_wsrep_cluster","max_statement_time":"0.000000","innodb_log_write_ahead_size":"8192","have_memory":"YES","innodb_fill_factor":"100","aria_encrypt_tables":"OFF","innodb_compression_algorithm":"zlib","in_transaction":"0","myisam_recover_options":"BACKUP,QUICK","key_cache_division_limit":"100","innodb_doublewrite":"ON","ft_min_word_len":"4","innodb_flush_log_at_trx_commit":"1","innodb_spin_wait_delay":"4","disconnect_on_expired_password":"OFF","innodb_scrub_log_speed":"256","innodb_data_file_path":"ibdata1:12M:autoextend","aria_group_commit":"none","secure_auth":"ON","sync_relay_log":"10000","join_buffer_space_limit":"2097152","performance_schema_max_file_classes":"80","innodb_adaptive_hash_index":"OFF","warning_count":"0","report_user":"","alter_algorithm":"DEFAULT","max_seeks_for_key":"4294967295","gtid_current_pos":"","use_stat_tables":"PREFERABLY_FOR_QUERIES","binlog_cache_size":"32768","unique_checks":"ON","wsrep_retry_autocommit":"1","max_tmp_tables":"32","innodb_compression_level":"6","innodb_defragment":"OFF","session_track_transaction_info":"OFF","datetime_format":"%Y-%m-%d %H:%i:%s","tmp_disk_table_size":"18446744073709551615","ssl_cipher":"","rpl_semi_sync_master_trace_level":"32","sync_binlog":"0","replicate_wild_do_table":"","query_cache_strip_comments":"OFF","innodb_force_primary_key":"OFF","have_rtree_keys":"YES","max_length_for_sort_data":"1024","idle_readonly_transaction_timeout":"0","innodb_defragment_stats_accuracy":"0","deadlock_search_depth_short":"4","wsrep_gtid_seq_no":"0","session_track_system_variables":"autocommit,character_set_client,character_set_connection,character_set_results,time_zone","ssl_capath":"","sql_mode":"STRICT_TRANS_TABLES,ERROR_FOR_DIVISION_BY_ZERO,NO_AUTO_CREATE_USER,NO_ENGINE_SUBSTITUTION","wsrep_replicate_myisam":"OFF","innodb_ft_aux_table":"","gtid_ignore_duplicates":"OFF","interactive_timeout":"28800","innodb_sort_buffer_size":"1048576","flush_time":"0","innodb_tmpdir":"","innodb_encryption_threads":"0","wsrep_sst_donor":"","sql_auto_is_null":"OFF","tx_isolation":"REPEATABLE-READ","updatable_views_with_limit":"YES","sql_notes":"ON","bind_address":"*","wsrep_log_conflicts":"OFF","performance_schema_max_index_stat":"-1","innodb_use_atomic_writes":"ON","myisam_block_size":"1024","default_regex_flags":"","wsrep_reject_queries":"NONE","innodb_adaptive_hash_index_parts":"8","performance_schema_max_metadata_locks":"-1","max_join_size":"18446744073709551615","innodb_stats_auto_recalc":"ON","innodb_max_undo_log_size":"10485760","innodb_replication_delay":"0","wsrep_debug":"NONE","tcp_keepalive_interval":"0","binlog_stmt_cache_size":"32768","insert_id":"0","wsrep_certify_nonpk":"ON","enforce_storage_engine":"","wsrep_on":"OFF","query_cache_min_res_unit":"4096","general_log_file":"fv-az442-473.log","innodb_undo_logs":"128","optimizer_switch":"index_merge=on,index_merge_union=on,index_merge_sort_union=on,index_merge_intersection=on,index_merge_sort_intersection=off,engine_condition_pushdown=off,index_condition_pushdown=on,derived_merge=on,derived_with_keys=on,firstmatch=on,loosescan=on,materialization=on,in_to_exists=on,semijoin=on,partial_match_rowid_merge=on,partial_match_table_scan=on,subquery_cache=on,mrr=off,mrr_cost_based=off,mrr_sort_keys=off,outer_join_with_cache=on,semijoin_with_cache=on,join_cache_incremental=on,join_cache_hashed=on,join_cache_bka=on,optimize_join_buffer_size=on,table_elimination=on,extended_keys=on,exists_to_in=on,orderby_uses_equalities=on,condition_pushdown_for_derived=on,split_materialized=on,condition_pushdown_for_subquery=on,rowid_filter=on,condition_pushdown_from_having=on,not_null_range_scan=off","extra_max_connections":"1","require_secure_transport":"OFF","performance_schema_max_rwlock_classes":"50","thread_stack":"299008","gtid_binlog_state":"","myisam_repair_threads":"1","binlog_file_cache_size":"16384","foreign_key_checks":"ON","max_heap_table_size":"16777216","slave_parallel_threads":"0"},"Calculations":{"pct_slow_queries":"0","per_thread_buffers":19828736,"pct_read_efficiency":"100.00","pct_aborted_connections":0,"pct_connections_used":"0","server_buffers":437256192,"table_cache_hit_rate":"87","total_sorts":0,"total_tables":"201","pct_innodb_buffer_used":"96.84","pct_write_efficiency":"98.23","total_per_thread_buffers":2994139136,"pct_table_locks_immediate":"100","pct_key_buffer_used":"18.2","pct_reads":"9","pct_max_physical_memory":"47.13","pct_keys_from_mem":0,"innodb_log_size_pct":"75","pct_wkeys_from_mem":0,"total_myisam_indexes":"0","total_reads":"17","pct_aria_keys_from_mem":"17.6","pct_files_open":"0","joins_without_indexes_per_day":0,"thread_cache_hit_rate":"91","query_cache_efficiency":"0.0","max_tmp_table_size":"16777216","max_used_memory":457084928,"joins_without_indexes":0,"pct_connections_aborted":"0.00","pct_max_used_memory":"6.28","total_aria_indexes":"344064","pct_writes":"91","pct_temp_disk":"0","total_writes":168,"pct_query_cache_used":"1.6","query_cache_prunes_per_day":0,"max_total_per_thread_buffers":19828736,"max_peak_memory":3431395328},"Engine":{"SEQUENCE":{"Enabled":"YES"},"MyISAM":{"Enabled":"YES"},"PERFORMANCE_SCHEMA":{"Enabled":"YES"},"MEMORY":{"Enabled":"YES"},"InnoDB":{"Index Size":"5816320","Data Size":"148111360","Table Number":"6","Total Size":"153927680","Enabled":"DEFAULT"},"MRG_MyISAM":{"Enabled":"YES"},"Aria":{"Enabled":"YES"},"CSV":{"Enabled":"YES"}},"PctAutoIncrement":{"mysql.time_zone":"0.00"},"Performance_schema":{"memory":0,"pretty_memory":"0B"},"Storage Engines":{"mrg_myisam":"YES","myisam":"YES","csv":"YES","innodb":"DEFAULT","performance_schema":"YES","memory":"YES","sequence":"YES","aria":"YES"},"Replication":{"Status":{}},"MySQLTuner":{"datetime":"23-03-2023 16:38:39\n","version":"2.1.1","options":{"debug":0,"nobad":0,"user":"root","nogood":0,"server-log":"","bannedports":"","port":3306,"notbstat":0,"maxportallowed":0,"skippassword":"0","idxstat":1,"noprocess":0,"noask":0,"nopfstat":0,"protocol":"tcp","verbose":1,"checkversion":"1","nocolstat":0,"skipsize":"0","dumpdir":"/home/runner/work/MySQLTuner-perl/MySQLTuner-perl/examples/github/result/mariadb/10.5","json":"1","pfstat":1,"nodbstat":0,"password":0,"ssl-ca":"0","defaults-file":"","colstat":0,"cvefile":"./vulnerabilities.csv","dbstat":1,"pass":"root","silent":0,"socket":"0","noinfo":0,"nocolor":1,"buffers":"1","reportfile":"0","color":0,"sysstat":1,"defaults-extra-file":"","forceswap":0,"passwordfile":"0","updateversion":0,"nosysstat":0,"noidxstat":0,"prettyjson":0,"outputfile":"0","template":"0","forcemem":0,"host":"127.0.0.1","tbstat":1}},"AdjustVariables":["vm.swappiness <= 10 (echo 10 > /proc/sys/vm/swappiness)","fs.aio-max-nr > 1M (echo 1048576 > /proc/sys/fs/aio-max-nr)","skip-name-resolve=1","performance_schema=ON","innodb_buffer_pool_size (>= 146.8M) if possible.","innodb_log_file_size should be (=32M) if possible, so InnoDB total log file size equals 25% of buffer pool size."],"Network":{"External Ip":"  % Total    % Received % Xferd  Average Speed   Time    Time     Time  Current,                                  Dload  Upload   Total   Spent    Left  Speed, \r  0     0    0     0    0     0      0      0 --:--:-- --:--:-- --:--:--     0\r100    13  100    13    0     0    251      0 --:--:-- --:--:-- --:--:--   254, 40.77.123.120","Connected":"YES","Internal Ip":"docker0: flags=4099<UP,BROADCAST,MULTICAST>  mtu 1500\n        inet 172.17.0.1  netmask 255.255.0.0  broadcast 172.17.255.255\n--\neth0: flags=4163<UP,BROADCAST,RUNNING,MULTICAST>  mtu 1500\n        inet 10.1.0.119  netmask 255.255.0.0  broadcast 10.1.255.255\n--\nlo: flags=73<UP,LOOPBACK,RUNNING>  mtu 65536\n        inet 127.0.0.1  netmask 255.0.0.0\n"}}